{
 "name": "COVID-19 vaccine eligibility",
 "id": "2afa0cca-f40a-4062-bea3-5ba7d424ca2c",
 "scenario_trigger": "covid19_vax_eligibility",
 "description": "Checks eligibility for COVID-19 vaccine",
 "active": true,
 "updated": "2021-07-25T12:22:27.2770000Z",
 "code": "{\"version\":3,\"steps\":[{\"id\":\"e08060a09101-c4ed04fe19cb40c1-1ec7\",\"type\":\"assignVariable\",\"designer\":{\"xLocation\":540,\"yLocation\":0,\"next\":\"ca69712a27ee-0aa5c5b04db54ce5-51dd\"},\"scope\":\"scenario\",\"operation\":\"set\",\"variable\":\"version\",\"value\":\"2\"},{\"id\":\"ca69712a27ee-0aa5c5b04db54ce5-51dd\",\"type\":\"statement\",\"designer\":{\"xLocation\":540,\"yLocation\":40,\"next\":\"e4fce363636d-f002ed73e2d1acef-abf8\"},\"text\":\"**Developer note**\\r\\n\\r\\nThe COVID-19 vaccine eligibility template was created using information from the U.S. Centers for Disease Control and Prevention and their [Immunization Playbook](https://www.cdc.gov/vaccines/imz-managers/downloads/COVID-19-Vaccination-Program-Interim_Playbook.pdf) current as of December 16, 2020. The material of the template is otherwise available for no charge at the aforementioned website. New information may not be fully reflected in the template. Users are expected to update and customize the template as appropriate for their own needs. Microsoft is not responsible for the performance, accuracy, or results from the use of the template or any modifications to the template. \\r\\n\\r\\nAn enterprise version of this vaccine eligibility bot is available as part of the [Microsoft Consulting Services Vaccination Registration and Administration Solution (VRAS)](https://blogs.microsoft.com/blog/2020/12/11/successful-covid-19-vaccine-delivery-requires-strong-tech-partnerships)\",\"label\":\"Disclaimer\",\"stringId\":\"stringId_bb3a73ab82882030\"},{\"id\":\"280dd27f13a9-436ad19135d5e8d9-bcf7\",\"type\":\"prompt\",\"dataType\":\"customLocalizedStrings[\\\"COVID19/vax/yes_no_response\\\"]\",\"designer\":{\"xLocation\":460,\"yLocation\":746,\"listStyle\":3,\"next\":\"38e5fa60ba87-a2d9f2ef340825ea-f5e9\"},\"text\":\"customLocalizedStrings[\\\"COVID19/vax/first_responder\\\"]\",\"variable\":\"healthWorker\",\"submitTitle\":\"Submit\",\"stringId\":\"stringId_db89ecfc9fdc74dd\",\"choiceType\":\"choice\",\"label\":\"Health Worker\"},{\"id\":\"e7f38a171aa8-7086c2e16382d303-8ec3\",\"type\":\"prompt\",\"dataType\":\"customLocalizedStrings[\\\"COVID19/vax/yes_no_response\\\"]\",\"designer\":{\"xLocation\":460,\"yLocation\":890,\"listStyle\":3,\"next\":\"0a8c04d2ab47-427d0150d6dbb22c-98fb\"},\"text\":\"customLocalizedStrings[\\\"COVID19/vax/vaccine_complications\\\"]\",\"variable\":\"vaxComplication\",\"submitTitle\":\"Submit\",\"stringId\":\"stringId_e16978600f03892d\",\"choiceType\":\"choice\",\"label\":\"Vax Comp\"},{\"id\":\"d1eda5544749-d565f5566e4f0824-8f2a\",\"type\":\"branch\",\"condition\":\"scenario.covidIsolation.index === 1\",\"designer\":{\"xLocation\":552,\"yLocation\":346,\"next\":\"6edd37d21059-c29358a0e44ba765-291a\"},\"label\":\"COVID-19\",\"targetStepId\":\"92fefff188be-7d255b14e85273c9-f234\"},{\"id\":\"92fefff188be-7d255b14e85273c9-f234\",\"type\":\"statement\",\"designer\":{\"xLocation\":670,\"yLocation\":727,\"next\":\"4dc6feea403a-7f2fa92abef0ca76-6be4\"},\"text\":\"customLocalizedStrings[\\\"COVID19/vax/contraindicated\\\"]\",\"stringId\":\"stringId_c8748cbd68425e3a\",\"label\":\"Contraindication\"},{\"id\":\"38e5fa60ba87-a2d9f2ef340825ea-f5e9\",\"type\":\"prompt\",\"dataType\":\"customLocalizedStrings[\\\"COVID19/vax/yes_no_response\\\"]\",\"designer\":{\"xLocation\":460,\"yLocation\":800,\"listStyle\":3,\"next\":\"0f9b4f52a98b-aab09604e2e02477-6e0f\"},\"text\":\"customLocalizedStrings[\\\"COVID19/vax/group_home\\\"]\",\"variable\":\"groupHome\",\"submitTitle\":\"Submit\",\"stringId\":\"stringId_e16978600f03892d\",\"choiceType\":\"choice\",\"label\":\"Group Home\",\"visible\":\"scenario.healthWorker.index === 0\"},{\"id\":\"4f8dbd9394a1-0b8d9aca5fbd002b-9c1d\",\"type\":\"prompt\",\"dataType\":\"customLocalizedStrings[\\\"COVID19/vax/yes_no_response\\\"]\",\"designer\":{\"xLocation\":540,\"yLocation\":280,\"listStyle\":3,\"next\":\"d1eda5544749-d565f5566e4f0824-8f2a\"},\"text\":\"customLocalizedStrings[\\\"COVID19/vax/covid19_pos\\\"]\",\"variable\":\"covidIsolation\",\"submitTitle\":\"Submit\",\"stringId\":\"stringId_e16978600f03892d\",\"choiceType\":\"choice\",\"label\":\"Covid Isolation\"},{\"id\":\"2baf74c30304-667d3ce916351378-5cb0\",\"type\":\"prompt\",\"dataType\":\"customLocalizedStrings[\\\"COVID19/vax/yes_no_response\\\"]\",\"designer\":{\"xLocation\":540,\"yLocation\":580,\"listStyle\":3,\"next\":\"33a61420118c-93a6ab957fda2833-b6d1\"},\"text\":\"customLocalizedStrings[\\\"COVID19/vax/not_to_receive\\\"]\",\"variable\":\"covidVaxContra\",\"submitTitle\":\"Submit\",\"stringId\":\"stringId_e16978600f03892d\",\"choiceType\":\"choice\",\"label\":\"Vax Contra\"},{\"id\":\"e4fce363636d-f002ed73e2d1acef-abf8\",\"label\":\"Wait\",\"type\":\"wait\",\"designer\":{\"xLocation\":546,\"yLocation\":100,\"next\":\"8e24ecf0a5ea-ea29c23fd63f0414-5aa7\"},\"time\":\"1000\"},{\"id\":\"4d5314ac4360-5ca5f6afcaeb7ffe-dcd2\",\"type\":\"statement\",\"designer\":{\"xLocation\":372,\"yLocation\":1280,\"next\":\"f12ff3906b1e-890569e80c7026a0-4664\"},\"text\":\"customLocalizedStrings[\\\"COVID19/vax/wave_1a\\\"]\",\"stringId\":\"stringId_39e08fe11c30c1bb\",\"label\":\"Wave 1a\"},{\"id\":\"bef2c6b2a75d-d5f456b3ea422646-a0ba\",\"type\":\"statement\",\"designer\":{\"xLocation\":480,\"yLocation\":1280,\"next\":\"f12ff3906b1e-890569e80c7026a0-4664\"},\"text\":\"customLocalizedStrings[\\\"COVID19/vax/wave_1b\\\"]\",\"stringId\":\"stringId_ad0857c773cad74e\",\"label\":\"Wave 1b\"},{\"id\":\"bcab2b82e481-abdd835143efeb4c-8f01\",\"type\":\"statement\",\"designer\":{\"xLocation\":700,\"yLocation\":1280,\"next\":\"4dc6feea403a-7f2fa92abef0ca76-6be4\"},\"text\":\"customLocalizedStrings[\\\"COVID19/vax/low_risk\\\"]\",\"stringId\":\"stringId_4dc2868126e7c6c6\",\"label\":\"Wave 2\"},{\"id\":\"0a8c04d2ab47-427d0150d6dbb22c-98fb\",\"type\":\"prompt\",\"dataType\":\"customLocalizedStrings[\\\"COVID19/vax/comorbidity\\\"]\",\"designer\":{\"xLocation\":460,\"yLocation\":940,\"listStyle\":5,\"next\":\"08da46ed40bd-28c7846b722131fa-dbba\"},\"text\":\"customLocalizedStrings[\\\"COVID19/vax/conditions\\\"]\",\"variable\":\"riskFactors\",\"submitTitle\":\"Submit\",\"stringId\":\"stringId_b3386ae456d1ce49\",\"choiceType\":\"multi-choice\",\"label\":\"Underlying conditions\"},{\"id\":\"08da46ed40bd-28c7846b722131fa-dbba\",\"type\":\"action\",\"label\":\"Risk factors and pregnancy\",\"designer\":{\"xLocation\":467,\"yLocation\":1000,\"next\":\"f047cfcdf1d2-293606333fb02818-8c58\"},\"onInit\":\"if (scenario.riskFactors.filter(item => item.index !== 11).length > 0) {\\n    scenario.hasRiskFactors = true\\n}\\nelse {\\n    scenario.hasRiskFactors = false\\n}\\n\\nif (scenario.riskFactors.filter(item => item.index === 11).length === 1) {\\n    scenario.isPregnant = true\\n}\\nelse {\\n    scenario.isPregnant = false\\n}\"},{\"id\":\"8e24ecf0a5ea-ea29c23fd63f0414-5aa7\",\"type\":\"prompt\",\"dataType\":\"customLocalizedStrings[\\\"COVID19/vax/age_response\\\"]\",\"designer\":{\"xLocation\":540,\"yLocation\":160,\"listStyle\":3,\"next\":\"fb2c855546a3-b8f63bac270bc614-7211\"},\"text\":\"customLocalizedStrings[\\\"COVID19/vax/age\\\"]\",\"variable\":\"age\",\"submitTitle\":\"Submit\",\"stringId\":\"stringId_5eb0e8e2605525e8\",\"choiceType\":\"choice\",\"label\":\"Age\"},{\"id\":\"fb2c855546a3-b8f63bac270bc614-7211\",\"type\":\"branch\",\"condition\":\"scenario.age.index === 0\",\"designer\":{\"xLocation\":549,\"yLocation\":200,\"next\":\"4f8dbd9394a1-0b8d9aca5fbd002b-9c1d\"},\"targetStepId\":\"92fefff188be-7d255b14e85273c9-f234\",\"label\":\"Age\"},{\"id\":\"6edd37d21059-c29358a0e44ba765-291a\",\"type\":\"prompt\",\"dataType\":\"customLocalizedStrings[\\\"COVID19/vax/yes_no_response\\\"]\",\"designer\":{\"xLocation\":540,\"yLocation\":440,\"listStyle\":3,\"next\":\"6ae1496dd6dd-bde06fdef529708e-5951\"},\"text\":\"customLocalizedStrings[\\\"COVID19/vax/allergies\\\"]\",\"variable\":\"vaccineAllergies\",\"submitTitle\":\"Submit\",\"stringId\":\"stringId_9db711d16c61eaf2\",\"choiceType\":\"choice\",\"label\":\"Vaccine allergies\"},{\"id\":\"6ae1496dd6dd-bde06fdef529708e-5951\",\"type\":\"branch\",\"condition\":\"scenario.vaccineAllergies.index === 1\",\"designer\":{\"xLocation\":549,\"yLocation\":489,\"next\":\"2baf74c30304-667d3ce916351378-5cb0\"},\"label\":\"Vaccine allergies?\",\"targetStepId\":\"92fefff188be-7d255b14e85273c9-f234\"},{\"id\":\"33a61420118c-93a6ab957fda2833-b6d1\",\"type\":\"branch\",\"condition\":\"scenario.covidVaxContra.index === 1\",\"designer\":{\"xLocation\":550,\"yLocation\":640,\"next\":\"280dd27f13a9-436ad19135d5e8d9-bcf7\"},\"label\":\"Vaccine contra?\",\"targetStepId\":\"92fefff188be-7d255b14e85273c9-f234\"},{\"id\":\"f047cfcdf1d2-293606333fb02818-8c58\",\"type\":\"action\",\"label\":\"Wave Assign\",\"designer\":{\"xLocation\":466,\"yLocation\":1080,\"next\":\"e63d309f8ec1-30d58f0944834054-cc28\"},\"onInit\":\"if (scenario.healthWorker.index === 1 || scenario.groupHome.index === 1) {\\n    scenario.wave = '1a'\\n}\\nelse if ( scenario.age.index === 4 || scenario.essentialWorker.index === 1) {\\n    scenario.wave = '1b'\\n}\\nelse if (scenario.hasRiskFactors === true || scenario.age.index === 3 ) {\\n    scenario.wave = '1c'\\n}\\nelse {\\n    scenario.wave = '2'\\n}\\n\\n\"},{\"id\":\"f12ff3906b1e-890569e80c7026a0-4664\",\"type\":\"statement\",\"designer\":{\"xLocation\":372,\"yLocation\":1346,\"next\":\"02e5452cd8a7-c4c7190591ad3110-4895\"},\"text\":\"customLocalizedStrings[\\\"COVID19/vax/pregnant\\\"]\",\"visible\":\"scenario.isPregnant == true\",\"stringId\":\"stringId_62a763efb6cfb56a\",\"label\":\"Pregnancy\"},{\"id\":\"e63d309f8ec1-30d58f0944834054-cc28\",\"type\":\"switch\",\"designer\":{\"xLocation\":440,\"yLocation\":1160,\"next\":\"bcab2b82e481-abdd835143efeb4c-8f01\"},\"cases\":[{\"value\":\"1a\",\"targetStepId\":\"4d5314ac4360-5ca5f6afcaeb7ffe-dcd2\"},{\"value\":\"1b\",\"targetStepId\":\"bef2c6b2a75d-d5f456b3ea422646-a0ba\"},{\"value\":\"1c\",\"targetStepId\":\"dad2cd91c03b-36331f5c481203b7-7f4e\"}],\"condition\":\"scenario.wave\",\"label\":\"Wave assignment\"},{\"id\":\"0f9b4f52a98b-aab09604e2e02477-6e0f\",\"type\":\"prompt\",\"dataType\":\"customLocalizedStrings[\\\"COVID19/vax/yes_no_response\\\"]\",\"designer\":{\"xLocation\":460,\"yLocation\":846,\"listStyle\":3,\"next\":\"e7f38a171aa8-7086c2e16382d303-8ec3\"},\"text\":\"customLocalizedStrings[\\\"COVID19/vax/essential\\\"]\",\"variable\":\"essentialWorker\",\"submitTitle\":\"Submit\",\"stringId\":\"stringId_1c3dd1dc9a1ae216\",\"choiceType\":\"choice\",\"label\":\"Essential worker\",\"visible\":\"(scenario.healthWorker.index === 0) && (scenario.groupHome.index === 0)\"},{\"id\":\"02e5452cd8a7-c4c7190591ad3110-4895\",\"type\":\"statement\",\"designer\":{\"xLocation\":371,\"yLocation\":1400,\"next\":\"d7065f452c13-7fa36a1ac927010b-f0cd\"},\"text\":\"customLocalizedStrings[\\\"COVID19/vax/risk_assessment\\\"]\",\"visible\":\"scenario.vaxComplication.index === 1\",\"stringId\":\"stringId_bee40b8b3bb2f75c\",\"label\":\"Risk assessment\"},{\"id\":\"d7065f452c13-7fa36a1ac927010b-f0cd\",\"type\":\"statement\",\"designer\":{\"xLocation\":369,\"yLocation\":1452,\"next\":\"4dc6feea403a-7f2fa92abef0ca76-6be4\"},\"text\":\"customLocalizedStrings[\\\"COVID19/vax/age_limit\\\"]\",\"label\":\"Age limit\",\"stringId\":\"stringId_5bd21d18e3e3ea55\",\"visible\":\"scenario.age.index === 1\"},{\"id\":\"dad2cd91c03b-36331f5c481203b7-7f4e\",\"type\":\"statement\",\"designer\":{\"xLocation\":594,\"yLocation\":1280,\"next\":\"f12ff3906b1e-890569e80c7026a0-4664\"},\"text\":\"customLocalizedStrings[\\\"COVID19/vax/wave_1c\\\"]\",\"stringId\":\"stringId_ad0857c773cad74e\",\"label\":\"Wave 1c\"},{\"id\":\"48348e6619b7-af2131027951d403-0014\",\"type\":\"beginScenario\",\"designer\":{\"xLocation\":729,\"yLocation\":1560},\"scenario\":\"/builtin/feedback\"},{\"id\":\"4dc6feea403a-7f2fa92abef0ca76-6be4\",\"type\":\"prompt\",\"dataType\":\"[systemLocalizedStrings[\\\"/builtin/feedback.triage_prompt_yes\\\"],systemLocalizedStrings[\\\"/builtin/feedback.triage_prompt_no\\\"]]\",\"designer\":{\"xLocation\":714,\"yLocation\":1400,\"listStyle\":3,\"next\":\"60daa982b7de-ce2736efdcf5df80-1c2b\"},\"text\":\"systemLocalizedStrings[\\\"/builtin/feedback.triage_prompt_question\\\"]\",\"variable\":\"show_feedback\",\"submitTitle\":\"Submit\",\"stringId\":\"stringId_1fd8f056fd6c7478\",\"choiceType\":\"choice\"},{\"id\":\"60daa982b7de-ce2736efdcf5df80-1c2b\",\"type\":\"branch\",\"condition\":\"scenario.show_feedback.index == 0\",\"designer\":{\"xLocation\":720,\"yLocation\":1460},\"targetStepId\":\"48348e6619b7-af2131027951d403-0014\"}],\"breaking\":false,\"interrupting\":false,\"returningMessage\":\"\"}"
}