{
 "name": "COVID19 - FIND PLASMA CENTER",
 "id": "45a3c340-6769-4926-b2e3-5de215a443a0",
 "scenario_trigger": "covid19_findplasmacenter",
 "description": "",
 "active": true,
 "updated": "2021-07-19T12:02:13.9790000Z",
 "code": "{\"version\":3,\"steps\":[{\"id\":\"653ba1e49af0-2d65eae61280948b-3956\",\"type\":\"statement\",\"designer\":{\"xLocation\":560,\"yLocation\":20,\"next\":\"239a954412c7-b42dff1f7e025776-5088\"},\"text\":\"scenario.intro_msg = customLocalizedStrings[\\\"findplasmacenter_introduction\\\"]\",\"stringId\":\"stringId_2db30387456c5ceb\",\"label\":\"Intro\"},{\"id\":\"84d87fada8c9-77217ee2b2f20eef-c98e\",\"type\":\"datasource\",\"designer\":{\"xLocation\":920,\"yLocation\":940,\"next\":\"e73723e37783-69ae0a18e8bb3440-952a\",\"errorStepId\":\"77a4f88e9394-874cd94f512e6e32-6cb5\"},\"dataConnection\":\"\",\"urlBase\":\"'https://<PLASMA CENTER SEARCH URL>'\",\"urlPath\":\"'/<PATH>'\",\"urlParams\":\"'zipcode=' + scenario.zipcode\",\"method\":\"get\",\"headers\":\"\",\"opJson\":true,\"opResolveWithFullResponse\":false,\"response\":\"plasmaCenterResponse\",\"error\":\"err\",\"label\":\"Plasma Center\"},{\"id\":\"6b8de2ddd957-fea7998424ecb4d8-774f\",\"type\":\"action\",\"label\":\"Build Cards\",\"designer\":{\"xLocation\":920,\"yLocation\":1208,\"next\":\"fbeaf669abec-c0d4d4f09e22ed7b-70c7\"},\"onInit\":\"\\nscenario.cards = [];\\nfor (const marker of scenario.plasmaCenterResponse) {\\n    var adCard = \\n        {\\n            \\\"$schema\\\": \\\"http://adaptivecards.io/schemas/adaptive-card.json\\\",\\n            \\\"type\\\": \\\"AdaptiveCard\\\",\\n            \\\"version\\\": \\\"1.0\\\",\\n            \\\"body\\\": [\\n                {\\n                    \\\"type\\\": \\\"Container\\\",\\n                    \\\"items\\\": [\\n                        {\\n                            \\\"type\\\": \\\"ColumnSet\\\",\\n                            \\\"columns\\\": [\\n                                {\\n                                    \\\"type\\\": \\\"Column\\\",\\n                                    \\\"width\\\": \\\"auto\\\",\\n                                    \\\"items\\\": [\\n                                        {\\n                                            \\\"type\\\": \\\"TextBlock\\\",\\n                                            \\\"text\\\": customLocalizedStrings[\\\"findplasmacenter_selected_name\\\"],\\n                                            \\\"weight\\\": \\\"Bolder\\\"\\n                                        },\\n                                        {\\n                                            \\\"type\\\": \\\"TextBlock\\\",\\n                                            \\\"text\\\": customLocalizedStrings[\\\"findplasmacenter_selected_distance\\\"],\\n                                            \\\"weight\\\": \\\"Bolder\\\"\\n                                        },\\n                                        {\\n                                            \\\"type\\\": \\\"TextBlock\\\",\\n                                            \\\"text\\\": customLocalizedStrings[\\\"findplasmacenter_selected_phone\\\"],\\n                                            \\\"weight\\\": \\\"Bolder\\\"\\n                                        },\\n                                        {\\n                                            \\\"type\\\": \\\"TextBlock\\\",\\n                                            \\\"text\\\": customLocalizedStrings[\\\"findplasmacenter_selected_notes\\\"],\\n                                            \\\"weight\\\": \\\"Bolder\\\"                                            \\n                                        },\\n                                        {                                            \\n                                            \\\"type\\\": \\\"TextBlock\\\",\\n                                            \\\"text\\\": customLocalizedStrings[\\\"findplasmacenter_selected_address\\\"],\\n                                            \\\"weight\\\": \\\"Bolder\\\"\\n                                        }\\n                                    ]\\n                                },\\n                                {\\n                                    \\\"type\\\": \\\"Column\\\",\\n                                    \\\"width\\\": \\\"stretch\\\",\\n                                    \\\"items\\\": [\\n                                        {\\n                                            \\\"type\\\": \\\"TextBlock\\\",\\n                                             \\\"wrap\\\": true,\\n                                            \\\"text\\\": \\\"[\\\" + marker.name +\\\"](\\\" + marker.url + \\\")\\\"\\n                                        },\\n                                        {\\n                                            \\\"type\\\": \\\"TextBlock\\\",\\n                                            \\\"wrap\\\": true,\\n                                            \\\"text\\\": Math.round(marker.distanceMi) + customLocalizedStrings[\\\"findplasmacenter_distanceUnit\\\"]\\n                                        },                                        \\n                                        {\\n                                            \\\"type\\\": \\\"TextBlock\\\",\\n                                             \\\"wrap\\\": true,\\n                                            \\\"text\\\": marker.phoneNumber\\n                                        },\\n                                        {\\n                                            \\\"type\\\": \\\"TextBlock\\\",\\n                                            \\\"wrap\\\": true,\\n                                            \\\"text\\\": marker.notes ? marker.notes : customLocalizedStrings[\\\"findplasmacenter_na\\\"]\\n                                        },\\n                                        {\\n                                            \\\"type\\\": \\\"TextBlock\\\",\\n                                            \\\"wrap\\\": true,\\n                                            \\\"text\\\": marker.address\\n                                        }                                        \\n                                    ]\\n                                }\\n                            ]\\n                        }\\n                    ]\\n                }\\n            ],\\n            \\\"actions\\\": [\\n                {\\n                    \\\"type\\\": \\\"Action.Submit\\\",\\n                    \\\"title\\\": customLocalizedStrings[\\\"findplasmacenter_select\\\"],\\n                    \\\"data\\\": {\\\"name\\\": marker.name, \\\"address\\\": marker.address, \\\"url\\\":marker.url}\\n                }\\n            ]            \\n        }\\n    scenario.cards.push({\\n        \\\"contentType\\\": \\\"application/vnd.microsoft.card.adaptive\\\",\\n        \\\"content\\\": adCard\\n    });\\n}    \"},{\"id\":\"a39fceb845d5-d56cdd83232e9695-0164\",\"type\":\"statement\",\"designer\":{\"xLocation\":940,\"yLocation\":433},\"text\":\"customLocalizedStrings[\\\"findplasmacenter_incorrectAge\\\"]\",\"stringId\":\"stringId_5f322ee145e4104e\",\"label\":\"Cannot donate - Age\"},{\"id\":\"3ec81247a24c-a533fe8fced75178-a4ee\",\"type\":\"statement\",\"designer\":{\"xLocation\":472,\"yLocation\":529},\"text\":\"customLocalizedStrings[\\\"findplasmacenter_incorrectWeight\\\"]\",\"stringId\":\"stringId_5803d77f86db4ced\",\"label\":\"Cannot donate - Weight\"},{\"id\":\"6051123f7bfb-dd0048649196d3e6-4c0b\",\"type\":\"yesnoprompt\",\"dataType\":\"boolean\",\"designer\":{\"xLocation\":840,\"yLocation\":551,\"reverse\":true,\"next\":\"bb4f22a656de-5ee416cd6d1cd882-f9eb\"},\"text\":\"customLocalizedStrings[\\\"findplasmacenter_previousConditions\\\"]\",\"variable\":\"hiv\",\"layout\":\"vertical\",\"attachment\":[{\"type\":\"HeroCard\",\"actions\":[{\"type\":\"imBack\",\"parameter\":\"customLocalizedStrings[\\\"findplasmacenter_yes\\\"]\",\"caption\":\"customLocalizedStrings[\\\"findplasmacenter_yes\\\"]\",\"captionStringId\":\"stringId_93cba07454f06a4a\"},{\"type\":\"imBack\",\"parameter\":\"customLocalizedStrings[\\\"findplasmacenter_no\\\"]\",\"caption\":\"customLocalizedStrings[\\\"findplasmacenter_no\\\"]\",\"captionStringId\":\"stringId_bafd7322c6e97d25\"}],\"image\":\"\"}],\"stringId\":\"stringId_238aa2ba181e64a8\",\"targetStepId\":\"07c3652f9d3a-46b4303a621dc24b-18b8\"},{\"id\":\"07c3652f9d3a-46b4303a621dc24b-18b8\",\"type\":\"statement\",\"designer\":{\"xLocation\":666,\"yLocation\":760},\"text\":\"customLocalizedStrings[\\\"findplasmacenter_hadPreviousConditions\\\"]\",\"stringId\":\"stringId_433110bee4bd46c4\",\"label\":\"Cannot donate - Background illness\"},{\"id\":\"9c4b2dbb4706-97adc12ebb271d85-70cc\",\"type\":\"branch\",\"condition\":\"/^\\\\d{5}(?:[-\\\\s]\\\\d{4})?$/.test(scenario.zipcode)\",\"designer\":{\"xLocation\":960,\"yLocation\":813,\"reverse\":true,\"next\":\"be473c718706-d3e0ebf96310fe8d-4214\"},\"label\":\"validate zipcode\",\"targetStepId\":\"84d87fada8c9-77217ee2b2f20eef-c98e\"},{\"id\":\"bb4f22a656de-5ee416cd6d1cd882-f9eb\",\"type\":\"prompt\",\"dataType\":\"string\",\"designer\":{\"xLocation\":940,\"yLocation\":660,\"next\":\"9c4b2dbb4706-97adc12ebb271d85-70cc\"},\"text\":\"customLocalizedStrings[\\\"findplasmacenter_zipcode\\\"]\",\"variable\":\"zipcode\",\"submitTitle\":\"Submit\",\"stringId\":\"stringId_5e178542b85fb18c\",\"label\":\"Zipcode\"},{\"id\":\"77a4f88e9394-874cd94f512e6e32-6cb5\",\"type\":\"statement\",\"designer\":{\"xLocation\":1273,\"yLocation\":1349,\"next\":\"6e6c0f1b4c88-e8bb588a59f69dc0-6ece\"},\"text\":\"customLocalizedStrings[\\\"findplasmacenter_noDataConnection\\\"]\",\"stringId\":\"stringId_b22fe37e23382f36\",\"label\":\"Scenario error\"},{\"id\":\"5dde60b4736c-cb5174cb720d196a-ca00\",\"type\":\"prompt\",\"dataType\":\"object\",\"designer\":{\"xLocation\":1100,\"yLocation\":1440,\"next\":\"fc66ade28e3c-5704e74a1ef80f99-4567\"},\"variable\":\"selection\",\"submitTitle\":\"Submit\",\"stringId\":\"stringId_7815696ecbf1c96e\",\"layout\":\"carousel\",\"attachment\":[{\"type\":\"Carousel\",\"carouselCode\":\"(function(){\\n    return scenario.cards \\n    })()\\n\"}],\"label\":\"Select Center\"},{\"id\":\"33d9ba088442-d95d0574547658a6-0bbd\",\"type\":\"statement\",\"designer\":{\"xLocation\":920,\"yLocation\":1620,\"next\":\"cf99ffa55cac-934ff9880d74e252-c3cb\"},\"text\":\"customLocalizedStrings[\\\"findplasmacenter_selection_pt1\\\"] + scenario.selection.name + customLocalizedStrings[\\\"findplasmacenter_selection_pt2\\\"] + scenario.selection.url + customLocalizedStrings[\\\"findplasmacenter_selection_pt3\\\"] + scenario.selection.address + customLocalizedStrings[\\\"findplasmacenter_selection_pt4\\\"];\",\"stringId\":\"stringId_f3594f988477ba7f\",\"label\":\"Show selection\"},{\"id\":\"e73723e37783-69ae0a18e8bb3440-952a\",\"type\":\"branch\",\"condition\":\"scenario.plasmaCenterResponse.length > 0\",\"designer\":{\"xLocation\":920,\"yLocation\":1080,\"reverse\":true,\"next\":\"f4eedd5f819e-fa16af70c8d8f726-b398\"},\"targetStepId\":\"6b8de2ddd957-fea7998424ecb4d8-774f\"},{\"id\":\"1c5786de7dfb-ef6ee8370559326d-9753\",\"type\":\"yesnoprompt\",\"dataType\":\"boolean\",\"designer\":{\"xLocation\":780,\"yLocation\":170,\"next\":\"e01fbd431241-8c51ac1ec19123ed-3086\"},\"text\":\"customLocalizedStrings[\\\"findplasmacenter_covidDiagnosed\\\"]\",\"variable\":\"covid19\",\"layout\":\"vertical\",\"attachment\":[{\"type\":\"HeroCard\",\"actions\":[{\"type\":\"imBack\",\"parameter\":\"customLocalizedStrings[\\\"findplasmacenter_yes\\\"]\",\"caption\":\"customLocalizedStrings[\\\"findplasmacenter_yes\\\"]\",\"captionStringId\":\"stringId_93cba07454f06a4a\"},{\"type\":\"imBack\",\"parameter\":\"customLocalizedStrings[\\\"findplasmacenter_no\\\"]\",\"caption\":\"customLocalizedStrings[\\\"findplasmacenter_no\\\"]\",\"captionStringId\":\"stringId_bafd7322c6e97d25\"}],\"image\":\"\"}],\"stringId\":\"stringId_580dc40dd974c6f5\",\"targetStepId\":\"37a4e68a5ad0-d4f0df5dbf641beb-d2df\"},{\"id\":\"e01fbd431241-8c51ac1ec19123ed-3086\",\"type\":\"statement\",\"designer\":{\"xLocation\":571,\"yLocation\":250},\"text\":\"customLocalizedStrings[\\\"findplasmacenter_notHadCovid\\\"]\",\"stringId\":\"stringId_f6f361ebfe7f219b\",\"label\":\"Cannot donate - Diagnosis\"},{\"id\":\"fbeaf669abec-c0d4d4f09e22ed7b-70c7\",\"type\":\"statement\",\"designer\":{\"xLocation\":920,\"yLocation\":1280,\"next\":\"5dde60b4736c-cb5174cb720d196a-ca00\"},\"text\":\"customLocalizedStrings[\\\"findplasmacenter_nearestCollectionCenters\\\"]\\r\\ncustomLocalizedStrings[\\\"findplasmacenter_chooseCollectionCenter\\\"]\",\"stringId\":\"stringId_2deb000b57bfac9d\"},{\"id\":\"37a4e68a5ad0-d4f0df5dbf641beb-d2df\",\"type\":\"yesnoprompt\",\"dataType\":\"boolean\",\"designer\":{\"xLocation\":780,\"yLocation\":320,\"next\":\"a39fceb845d5-d56cdd83232e9695-0164\",\"reverse\":true},\"text\":\"customLocalizedStrings[\\\"findplasmacenter_age\\\"]\",\"variable\":\"olderthen18\",\"layout\":\"vertical\",\"attachment\":[{\"type\":\"HeroCard\",\"actions\":[{\"type\":\"imBack\",\"parameter\":\"customLocalizedStrings[\\\"findplasmacenter_yes\\\"]\",\"caption\":\"customLocalizedStrings[\\\"findplasmacenter_yes\\\"]\",\"captionStringId\":\"stringId_93cba07454f06a4a\"},{\"type\":\"imBack\",\"parameter\":\"customLocalizedStrings[\\\"findplasmacenter_no\\\"]\",\"caption\":\"customLocalizedStrings[\\\"findplasmacenter_no\\\"]\",\"captionStringId\":\"stringId_bafd7322c6e97d25\"}],\"image\":\"\"}],\"stringId\":\"stringId_580dc40dd974c6f5\",\"targetStepId\":\"2ea0eabd6cdd-eb72ed4a945abd5d-cecc\",\"label\":\"Older than 18\"},{\"id\":\"2ea0eabd6cdd-eb72ed4a945abd5d-cecc\",\"type\":\"yesnoprompt\",\"dataType\":\"boolean\",\"designer\":{\"xLocation\":668,\"yLocation\":400,\"next\":\"3ec81247a24c-a533fe8fced75178-a4ee\",\"reverse\":false},\"text\":\"customLocalizedStrings[\\\"findplasmacenter_weight\\\"]  \",\"variable\":\"over110pounds\",\"layout\":\"vertical\",\"attachment\":[{\"type\":\"HeroCard\",\"actions\":[{\"type\":\"imBack\",\"parameter\":\"customLocalizedStrings[\\\"findplasmacenter_yes\\\"]\",\"caption\":\"customLocalizedStrings[\\\"findplasmacenter_yes\\\"]\",\"captionStringId\":\"stringId_93cba07454f06a4a\"},{\"type\":\"imBack\",\"parameter\":\"customLocalizedStrings[\\\"findplasmacenter_no\\\"]\",\"caption\":\"customLocalizedStrings[\\\"findplasmacenter_no\\\"]\",\"captionStringId\":\"stringId_bafd7322c6e97d25\"}],\"image\":\"\"}],\"stringId\":\"stringId_580dc40dd974c6f5\",\"targetStepId\":\"6051123f7bfb-dd0048649196d3e6-4c0b\",\"label\":\"Weight over 110\"},{\"id\":\"239a954412c7-b42dff1f7e025776-5088\",\"type\":\"yesnoprompt\",\"dataType\":\"boolean\",\"designer\":{\"xLocation\":570,\"yLocation\":100,\"next\":\"239a954412c7-b42dff1f7e025776-5088\"},\"text\":\"customLocalizedStrings[\\\"findplasmacenter_terms\\\"]\\r\\n\",\"variable\":\"intro\",\"layout\":\"vertical\",\"attachment\":[{\"type\":\"HeroCard\",\"actions\":[{\"type\":\"imBack\",\"parameter\":\"customLocalizedStrings[\\\"findplasmacenter_yes\\\"]\",\"caption\":\"customLocalizedStrings[\\\"findplasmacenter_yes\\\"]\",\"captionStringId\":\"stringId_93cba07454f06a4a\"},{\"type\":\"imBack\",\"parameter\":\"customLocalizedStrings[\\\"findplasmacenter_no\\\"]\",\"caption\":\"customLocalizedStrings[\\\"findplasmacenter_no\\\"]\",\"captionStringId\":\"stringId_bafd7322c6e97d25\"}],\"image\":\"\"}],\"stringId\":\"stringId_580dc40dd974c6f5\",\"targetStepId\":\"1c5786de7dfb-ef6ee8370559326d-9753\",\"label\":\"Short Intro\"},{\"id\":\"fc66ade28e3c-5704e74a1ef80f99-4567\",\"type\":\"branch\",\"condition\":\"(typeof scenario.selection) === \\\"object\\\"\",\"designer\":{\"xLocation\":920,\"yLocation\":1410,\"next\":\"2f2cfa9511a4-e017db941ca001aa-76c9\"},\"label\":\"Valid selection\",\"targetStepId\":\"cbe2f31b8fed-b298b96d7b3d0c00-fd99\"},{\"id\":\"2f2cfa9511a4-e017db941ca001aa-76c9\",\"type\":\"branch\",\"condition\":\"/^\\\\d{5}(?:[-\\\\s]\\\\d{4})?$/.test(scenario.selection)\",\"designer\":{\"xLocation\":700,\"yLocation\":1440,\"reverse\":true,\"next\":\"2bfe7447da75-70c02ea6d0b09a83-1b2c\"},\"label\":\"validate zipcode\",\"targetStepId\":\"eb1f2a14b962-0cfe034895f98f61-6d73\"},{\"id\":\"2bfe7447da75-70c02ea6d0b09a83-1b2c\",\"type\":\"statement\",\"designer\":{\"xLocation\":800,\"yLocation\":1500,\"next\":\"5dde60b4736c-cb5174cb720d196a-ca00\"},\"text\":\"customLocalizedStrings[\\\"findplasmacenter_invalidCollectionCenter\\\"] +'\\\\n'+ customLocalizedStrings[\\\"findplasmacenter_chooseCollectionCenter\\\"]\",\"stringId\":\"stringId_2deb000b57bfac9d\"},{\"id\":\"5b7bb14ed768-0d5c8ccf9392d93c-51d0\",\"type\":\"yesnoprompt\",\"dataType\":\"boolean\",\"designer\":{\"xLocation\":400,\"yLocation\":1500,\"reverse\":true,\"next\":\"8cfd1de59422-ce7ecb5c6bfb3aa9-e3a1\"},\"text\":\"customLocalizedStrings[\\\"findplasmacenter_use_new_zip_code\\\"]\",\"variable\":\"use_new_zip_code\",\"stringId\":\"stringId_392d91f5be0f1e69\",\"targetStepId\":\"bb4f22a656de-5ee416cd6d1cd882-f9eb\",\"layout\":\"vertical\",\"attachment\":[{\"type\":\"HeroCard\",\"actions\":[{\"type\":\"imBack\",\"parameter\":\"customLocalizedStrings[\\\"findplasmacenter_yes\\\"]\",\"caption\":\"customLocalizedStrings[\\\"findplasmacenter_yes\\\"]\",\"captionStringId\":\"stringId_93cba07454f06a4a\"},{\"type\":\"imBack\",\"parameter\":\"customLocalizedStrings[\\\"findplasmacenter_no\\\"]\",\"caption\":\"customLocalizedStrings[\\\"findplasmacenter_no\\\"]\",\"captionStringId\":\"stringId_bafd7322c6e97d25\"}],\"image\":\"\"}]},{\"id\":\"8cfd1de59422-ce7ecb5c6bfb3aa9-e3a1\",\"type\":\"statement\",\"designer\":{\"xLocation\":713,\"yLocation\":1540,\"next\":\"5dde60b4736c-cb5174cb720d196a-ca00\"},\"text\":\"customLocalizedStrings[\\\"findplasmacenter_chooseCollectionCenter\\\"]\",\"stringId\":\"stringId_2deb000b57bfac9d\"},{\"id\":\"eb1f2a14b962-0cfe034895f98f61-6d73\",\"type\":\"action\",\"label\":\"Update ZIP\",\"designer\":{\"xLocation\":580,\"yLocation\":1440,\"next\":\"5b7bb14ed768-0d5c8ccf9392d93c-51d0\"},\"onInit\":\"scenario.zipcode = scenario.selection\"},{\"id\":\"be473c718706-d3e0ebf96310fe8d-4214\",\"type\":\"prompt\",\"dataType\":\"string\",\"designer\":{\"xLocation\":1073,\"yLocation\":860,\"next\":\"9c4b2dbb4706-97adc12ebb271d85-70cc\"},\"text\":\"customLocalizedStrings[\\\"findplasmacenter_zipcode_invalid\\\"]\",\"variable\":\"zipcode\",\"submitTitle\":\"Submit\",\"stringId\":\"stringId_5e178542b85fb18c\",\"label\":\"Re-enter Zipcode\"},{\"id\":\"f4eedd5f819e-fa16af70c8d8f726-b398\",\"type\":\"yesnoprompt\",\"dataType\":\"boolean\",\"designer\":{\"xLocation\":1240,\"yLocation\":920,\"reverse\":true,\"next\":\"6de6c3d0f221-06753502fd90f36c-2273\"},\"text\":\"customLocalizedStrings[\\\"findplasmacenter_noCollectionCenterNearYou\\\"] +'\\\\n'+ customLocalizedStrings[\\\"findplasmacenter_enter_new_zip_code\\\"]\",\"variable\":\"use_new_zip_code\",\"stringId\":\"stringId_392d91f5be0f1e69\",\"targetStepId\":\"bb4f22a656de-5ee416cd6d1cd882-f9eb\",\"layout\":\"vertical\",\"attachment\":[{\"type\":\"HeroCard\",\"actions\":[{\"type\":\"imBack\",\"parameter\":\"customLocalizedStrings[\\\"findplasmacenter_yes\\\"]\",\"caption\":\"customLocalizedStrings[\\\"findplasmacenter_yes\\\"]\",\"captionStringId\":\"stringId_93cba07454f06a4a\"},{\"type\":\"imBack\",\"parameter\":\"customLocalizedStrings[\\\"findplasmacenter_no\\\"]\",\"caption\":\"customLocalizedStrings[\\\"findplasmacenter_no\\\"]\",\"captionStringId\":\"stringId_bafd7322c6e97d25\"}],\"image\":\"\"}]},{\"id\":\"cbe2f31b8fed-b298b96d7b3d0c00-fd99\",\"type\":\"action\",\"label\":\"Trace + Log event\",\"designer\":{\"xLocation\":920,\"yLocation\":1540,\"next\":\"33d9ba088442-d95d0574547658a6-0bbd\"},\"onInit\":\"// create an object to describe the details captured in the recruitment\\nvar selectionResponse = {\\n\\n    \\\"donatorRegionCountryCode\\\": scenario.zipcode,\\n    \\\"plasmaCenterName\\\": scenario.selection.name,\\n    \\\"plasmaCenterAddress\\\": scenario.selection.address,\\n    \\\"plasmaCenterUrl\\\": scenario.selection.url\\n}\\n\\nsession.trace(selectionResponse, \\\"0\\\")\\nsession.logCustomEvent(\\\"plasmaOutput\\\", selectionResponse)\"},{\"id\":\"6de6c3d0f221-06753502fd90f36c-2273\",\"type\":\"statement\",\"designer\":{\"xLocation\":1312,\"yLocation\":980},\"text\":\"customLocalizedStrings[\\\"findplasmacenter_thankYouMessage\\\"]\",\"stringId\":\"stringId_f3594f988477ba7f\"},{\"id\":\"6e6c0f1b4c88-e8bb588a59f69dc0-6ece\",\"type\":\"statement\",\"designer\":{\"xLocation\":1273,\"yLocation\":1420,\"next\":\"3c6c0c770c43-af297646f23faa5d-ccaa\"},\"text\":\"Developer notice:\\r\\nA mock donation center is defined in the script when a data connection error occurs.\",\"stringId\":\"stringId_c513057df0ae3529\"},{\"id\":\"3c6c0c770c43-af297646f23faa5d-ccaa\",\"type\":\"assignVariable\",\"designer\":{\"xLocation\":1273,\"yLocation\":1490,\"next\":\"33d9ba088442-d95d0574547658a6-0bbd\"},\"scope\":\"scenario\",\"operation\":\"set\",\"variable\":\"selection\",\"value\":\"{\\r\\n    \\\"name\\\": \\\"Contoso Health Center\\\",\\r\\n    \\\"address\\\": \\\"123 Benjamin rd., Miami\\\",\\r\\n    \\\"url\\\": \\\"http://contoso.com\\\"\\r\\n}\",\"label\":\"Plasma center for development\"},{\"id\":\"cf99ffa55cac-934ff9880d74e252-c3cb\",\"type\":\"prompt\",\"dataType\":\"[systemLocalizedStrings[\\\"/builtin/feedback.triage_prompt_yes\\\"], systemLocalizedStrings[\\\"/builtin/feedback.triage_prompt_no\\\"]]\",\"designer\":{\"xLocation\":1269,\"yLocation\":1611,\"listStyle\":3,\"next\":\"08d8d9f35b2f-2b22c2b7af341b82-248d\"},\"text\":\"systemLocalizedStrings[\\\"/builtin/feedback.triage_prompt_question\\\"]\",\"variable\":\"show_feedback\",\"submitTitle\":\"Submit\",\"label\":\"Show feedback\",\"stringId\":\"stringId_1fd8f056fd6c7478\",\"choiceType\":\"choice\"},{\"id\":\"08d8d9f35b2f-2b22c2b7af341b82-248d\",\"type\":\"branch\",\"condition\":\"scenario.show_feedback.index == 0\",\"designer\":{\"xLocation\":1280,\"yLocation\":1680},\"targetStepId\":\"40f9ce345fe7-3d0c6bd17077c155-dc59\"},{\"id\":\"40f9ce345fe7-3d0c6bd17077c155-dc59\",\"type\":\"beginScenario\",\"designer\":{\"xLocation\":1280,\"yLocation\":1780},\"scenario\":\"/builtin/feedback\"}],\"breaking\":false,\"interrupting\":false,\"returningMessage\":\"\"}"
}