{
 "name": "COVID19 Triage Wrapper",
 "id": "42a49d7c-6473-489c-b360-df32cfa42e00",
 "scenario_trigger": "covid19_triage",
 "description": "The scenario is a wrapper for the CORE CDC COVID-19 Protocol. The wrapper can be used to customize the introductory messages and bot branding",
 "active": true,
 "updated": "2022-01-19T11:10:46.041Z",
 "userDisplayName": "V SWETHA",
 "code": "{\"version\":3,\"steps\":[{\"id\":\"4cbf8e484010-2d4c8b123488604d-156f\",\"type\":\"action\",\"label\":\"Responses\",\"designer\":{\"xLocation\":1288,\"yLocation\":80,\"next\":\"e563bc6f2e48-c583a2799da38f3a-d46b\"},\"onInit\":\"scenario.responses = {\\n\\n    disclaimer_response:customLocalizedStrings[\\\"CDC/disclaimer_response\\\"],\\n\\n    yes_no_response:customLocalizedStrings[\\\"CDC/yes_no_response\\\"],\\n\\n    location_question:customLocalizedStrings[\\\"CDC/location_question\\\"],\\n\\n    location_response: customLocalizedStrings[\\\"CDC/location_response\\\"],\\n\\n    location_error: customLocalizedStrings[\\\"CDC/location_error\\\"],\\n\\n    state_question:customLocalizedStrings[\\\"CDC/state_question\\\"],\\n\\n    is_ill_question: customLocalizedStrings[\\\"CDC/is_ill_question\\\"],\\n\\n    who_for_question:customLocalizedStrings[\\\"CDC/who_for_question\\\"],\\n\\n    who_for_response: customLocalizedStrings[\\\"CDC/who_for_response\\\"],\\n\\n    age_response:customLocalizedStrings[\\\"CDC/age_response\\\"],\\n\\n    gender_response:customLocalizedStrings[\\\"CDC/gender_response\\\"],\\n\\n    submit_button: customLocalizedStrings[\\\"CDC/submit_button\\\"],\\n}\\n\"},{\"id\":\"e563bc6f2e48-c583a2799da38f3a-d46b\",\"type\":\"action\",\"label\":\"Messages\",\"designer\":{\"xLocation\":1288,\"yLocation\":160,\"next\":\"aeda96cb0b14-f59815b00710192c-d26a\"},\"onInit\":\"scenario.messages = {\\n\\ndecline_msg: customLocalizedStrings[\\\"CDC/messages/decline_msg\\\"],\\n\\ndisclaimer_msg: customLocalizedStrings[\\\"HB/disclaimer_msg\\\"],\\n\\nintro_msg:customLocalizedStrings[\\\"HB/intro_msg\\\"],\\n\\ninstruct_msg: customLocalizedStrings[\\\"HB/instruct_msg\\\"],\\n\\ncontinue_msg: customLocalizedStrings[\\\"CDC/messages/continue_msg\\\"],\\n\\nmsg12: customLocalizedStrings[\\\"CDC/messages/msg12\\\"],\\n        \\n}\"},{\"id\":\"aeda96cb0b14-f59815b00710192c-d26a\",\"type\":\"prompt\",\"dataType\":\"scenario.responses.disclaimer_response\",\"designer\":{\"xLocation\":1288,\"yLocation\":240,\"next\":\"8f59dabfc635-32c4420b4bd13ca1-26d8\",\"listStyle\":3},\"text\":\"scenario.messages.disclaimer_msg\",\"variable\":\"disclaimer\",\"label\":\"Disclaimer\",\"stringId\":\"stringId_8f6afe84ba5a748e\",\"suggestions\":\"\",\"choiceType\":\"choice\"},{\"id\":\"59b4208a606e-223fffc90059907b-c78a\",\"type\":\"action\",\"label\":\"States\",\"designer\":{\"xLocation\":1128,\"yLocation\":640,\"next\":\"d6d4667f4820-37efe92b505f7df8-caae\"},\"onInit\":\"scenario.state_list = [\\n    {\\n    \\\"name\\\": customLocalizedStrings[\\\"CDC/Please_select_a_location/state_name\\\"],\\n    \\\"abbreviation\\\": \\\"default_message\\\"\\n    },\\n    {\\n    \\\"name\\\":customLocalizedStrings[\\\"CDC/Alabama/state_name\\\"],\\n    \\\"abbreviation\\\": \\\"AL\\\"\\n    },\\n    {\\n    \\\"name\\\": customLocalizedStrings[\\\"CDC/Alaska/state_name\\\"],\\n    \\\"abbreviation\\\": \\\"AK\\\"\\n    },\\n    {\\n    \\\"name\\\": customLocalizedStrings[\\\"CDC/American_Samoa/state_name\\\"],\\n    \\\"abbreviation\\\": \\\"AS\\\"\\n    },\\n    {\\n    \\\"name\\\": customLocalizedStrings[\\\"CDC/Arizona/state_name\\\"],\\n    \\\"abbreviation\\\": \\\"AZ\\\"\\n    },\\n    {\\n    \\\"name\\\": customLocalizedStrings[\\\"CDC/Arkansas/state_name\\\"],\\n    \\\"abbreviation\\\": \\\"AR\\\"\\n    },\\n    {\\n    \\\"name\\\": customLocalizedStrings[\\\"CDC/California/state_name\\\"],\\n    \\\"abbreviation\\\": \\\"CA\\\"\\n    },\\n    {\\n    \\\"name\\\": customLocalizedStrings[\\\"CDC/California_-_Los_Angeles_County/state_name\\\"],\\n    \\\"abbreviation\\\": \\\"Los_Angeles\\\"\\n    },\\n    {\\n    \\\"name\\\": customLocalizedStrings[\\\"CDC/Colorado/state_name\\\"],\\n    \\\"abbreviation\\\": \\\"CO\\\"\\n    },\\n    {\\n    \\\"name\\\": customLocalizedStrings[\\\"CDC/Connecticut/state_name\\\"],\\n    \\\"abbreviation\\\": \\\"CT\\\"\\n    },\\n    {\\n    \\\"name\\\": customLocalizedStrings[\\\"CDC/Delaware/state_name\\\"],\\n    \\\"abbreviation\\\": \\\"DE\\\"\\n    },\\n    {\\n    \\\"name\\\": customLocalizedStrings[\\\"CDC/District_Of_Columbia/state_name\\\"],\\n    \\\"abbreviation\\\": \\\"DC\\\"\\n    },\\n    {\\n    \\\"name\\\": customLocalizedStrings[\\\"CDC/Federated_States_Of_Micronesia/state_name\\\"],\\n    \\\"abbreviation\\\": \\\"FM\\\"\\n    },\\n    {\\n    \\\"name\\\": customLocalizedStrings[\\\"CDC/Florida/state_name\\\"],\\n    \\\"abbreviation\\\": \\\"FL\\\"\\n    },\\n    {\\n    \\\"name\\\": customLocalizedStrings[\\\"CDC/Georgia/state_name\\\"],\\n    \\\"abbreviation\\\": \\\"GA\\\"\\n    },\\n    {\\n    \\\"name\\\": customLocalizedStrings[\\\"CDC/Guam/state_name\\\"],\\n    \\\"abbreviation\\\": \\\"GU\\\"\\n    },\\n    {\\n    \\\"name\\\": customLocalizedStrings[\\\"CDC/Hawaii/state_name\\\"],\\n    \\\"abbreviation\\\": \\\"HI\\\"\\n    },\\n    {\\n    \\\"name\\\": customLocalizedStrings[\\\"CDC/Idaho/state_name\\\"],\\n    \\\"abbreviation\\\": \\\"ID\\\"\\n    },\\n    {\\n    \\\"name\\\": customLocalizedStrings[\\\"CDC/Illinois/state_name\\\"],\\n    \\\"abbreviation\\\": \\\"IL\\\"\\n    },\\n    {\\n    \\\"name\\\": customLocalizedStrings[\\\"CDC/Illinois_–_Chicago/state_name\\\"],\\n    \\\"abbreviation\\\": \\\"Chicago\\\"\\n    },\\n    {\\n    \\\"name\\\": customLocalizedStrings[\\\"CDC/Indiana/state_name\\\"],\\n    \\\"abbreviation\\\": \\\"IN\\\"\\n    },\\n    {\\n    \\\"name\\\": customLocalizedStrings[\\\"CDC/Iowa/state_name\\\"],\\n    \\\"abbreviation\\\": \\\"IA\\\"\\n    },\\n    {\\n    \\\"name\\\": customLocalizedStrings[\\\"CDC/Kansas/state_name\\\"],\\n    \\\"abbreviation\\\": \\\"KS\\\"\\n    },\\n    {\\n    \\\"name\\\": customLocalizedStrings[\\\"CDC/Kentucky/state_name\\\"],\\n    \\\"abbreviation\\\": \\\"KY\\\"\\n    },\\n    {\\n    \\\"name\\\": customLocalizedStrings[\\\"CDC/Louisiana/state_name\\\"],\\n    \\\"abbreviation\\\": \\\"LA\\\"\\n    },\\n    {\\n    \\\"name\\\": customLocalizedStrings[\\\"CDC/Maine/state_name\\\"],\\n    \\\"abbreviation\\\": \\\"ME\\\"\\n    },\\n    {\\n    \\\"name\\\": customLocalizedStrings[\\\"CDC/Marshall_Islands/state_name\\\"],\\n    \\\"abbreviation\\\": \\\"MH\\\"\\n    },\\n    {\\n    \\\"name\\\": customLocalizedStrings[\\\"CDC/Maryland/state_name\\\"],\\n    \\\"abbreviation\\\": \\\"MD\\\"\\n    },\\n    {\\n    \\\"name\\\": customLocalizedStrings[\\\"CDC/Massachusetts/state_name\\\"],\\n    \\\"abbreviation\\\": \\\"MA\\\"\\n    },\\n    {\\n    \\\"name\\\": customLocalizedStrings[\\\"CDC/Michigan/state_name\\\"],\\n    \\\"abbreviation\\\": \\\"MI\\\"\\n    },\\n    {\\n    \\\"name\\\": customLocalizedStrings[\\\"CDC/Minnesota/state_name\\\"],\\n    \\\"abbreviation\\\": \\\"MN\\\"\\n    },\\n    {\\n    \\\"name\\\": customLocalizedStrings[\\\"CDC/Mississippi/state_name\\\"],\\n    \\\"abbreviation\\\": \\\"MS\\\"\\n    },\\n    {\\n    \\\"name\\\": customLocalizedStrings[\\\"CDC/Missouri/state_name\\\"],\\n    \\\"abbreviation\\\": \\\"MO\\\"\\n    },\\n    {\\n    \\\"name\\\": customLocalizedStrings[\\\"CDC/Montana/state_name\\\"],\\n    \\\"abbreviation\\\": \\\"MT\\\"\\n    },\\n    {\\n    \\\"name\\\": customLocalizedStrings[\\\"CDC/Nebraska/state_name\\\"],\\n    \\\"abbreviation\\\": \\\"NE\\\"\\n    },\\n    {\\n    \\\"name\\\": customLocalizedStrings[\\\"CDC/Nevada/state_name\\\"],\\n    \\\"abbreviation\\\": \\\"NV\\\"\\n    },\\n    {\\n    \\\"name\\\": customLocalizedStrings[\\\"CDC/New_Hampshire/state_name\\\"],\\n    \\\"abbreviation\\\": \\\"NH\\\"\\n    },\\n    {\\n    \\\"name\\\": customLocalizedStrings[\\\"CDC/New_Jersey/state_name\\\"],\\n    \\\"abbreviation\\\": \\\"NJ\\\"\\n    },\\n    {\\n    \\\"name\\\": customLocalizedStrings[\\\"CDC/New_Mexico/state_name\\\"],\\n    \\\"abbreviation\\\": \\\"NM\\\"\\n    },\\n    {\\n    \\\"name\\\": customLocalizedStrings[\\\"CDC/New_York/state_name\\\"],\\n    \\\"abbreviation\\\": \\\"NY\\\"\\n    },\\n    {\\n    \\\"name\\\": customLocalizedStrings[\\\"CDC/New_York_–_New_York_City/state_name\\\"],\\n    \\\"abbreviation\\\": \\\"New_York_City\\\"\\n    },\\n    {\\n    \\\"name\\\": customLocalizedStrings[\\\"CDC/North_Carolina/state_name\\\"],\\n    \\\"abbreviation\\\": \\\"NC\\\"\\n    },\\n    {\\n    \\\"name\\\": customLocalizedStrings[\\\"CDC/North_Dakota/state_name\\\"],\\n    \\\"abbreviation\\\": \\\"ND\\\"\\n    },\\n    {\\n    \\\"name\\\": customLocalizedStrings[\\\"CDC/Northern_Mariana_Islands/state_name\\\"],\\n    \\\"abbreviation\\\": \\\"MP\\\"\\n    },\\n    {\\n    \\\"name\\\": customLocalizedStrings[\\\"CDC/Ohio/state_name\\\"],\\n    \\\"abbreviation\\\": \\\"OH\\\"\\n    },\\n    {\\n    \\\"name\\\": customLocalizedStrings[\\\"CDC/Oklahoma/state_name\\\"],\\n    \\\"abbreviation\\\": \\\"OK\\\"\\n    },\\n    {\\n    \\\"name\\\": customLocalizedStrings[\\\"CDC/Oregon/state_name\\\"],\\n    \\\"abbreviation\\\": \\\"OR\\\"\\n    },\\n    {\\n    \\\"name\\\": customLocalizedStrings[\\\"CDC/Palau/state_name\\\"],\\n    \\\"abbreviation\\\": \\\"PW\\\"\\n    },\\n    {\\n    \\\"name\\\": customLocalizedStrings[\\\"CDC/Pennsylvania/state_name\\\"],\\n    \\\"abbreviation\\\": \\\"PA\\\"\\n    },\\n    {\\n    \\\"name\\\": customLocalizedStrings[\\\"CDC/Puerto_Rico/state_name\\\"],\\n    \\\"abbreviation\\\": \\\"PR\\\"\\n    },\\n    {\\n    \\\"name\\\": customLocalizedStrings[\\\"CDC/Rhode_Island/state_name\\\"],\\n    \\\"abbreviation\\\": \\\"RI\\\"\\n    },\\n    {\\n    \\\"name\\\": customLocalizedStrings[\\\"CDC/South_Carolina/state_name\\\"],\\n    \\\"abbreviation\\\": \\\"SC\\\"\\n    },\\n    {\\n    \\\"name\\\": customLocalizedStrings[\\\"CDC/South_Dakota/state_name\\\"],\\n    \\\"abbreviation\\\": \\\"SD\\\"\\n    },\\n    {\\n    \\\"name\\\": customLocalizedStrings[\\\"CDC/Tennessee/state_name\\\"],\\n    \\\"abbreviation\\\": \\\"TN\\\"\\n    },\\n    {\\n    \\\"name\\\": customLocalizedStrings[\\\"CDC/Texas/state_name\\\"],\\n    \\\"abbreviation\\\": \\\"TX\\\"\\n    },\\n    {\\n    \\\"name\\\": customLocalizedStrings[\\\"CDC/Utah/state_name\\\"],\\n    \\\"abbreviation\\\": \\\"UT\\\"\\n    },\\n    {\\n    \\\"name\\\": customLocalizedStrings[\\\"CDC/Vermont/state_name\\\"],\\n    \\\"abbreviation\\\": \\\"VT\\\"\\n    },\\n    {\\n    \\\"name\\\": customLocalizedStrings[\\\"CDC/Virgin_Islands/state_name\\\"],\\n    \\\"abbreviation\\\": \\\"VI\\\"\\n    },\\n    {\\n    \\\"name\\\": customLocalizedStrings[\\\"CDC/Virginia/state_name\\\"],\\n    \\\"abbreviation\\\": \\\"VA\\\"\\n    },\\n    {\\n    \\\"name\\\": customLocalizedStrings[\\\"CDC/Washington/state_name\\\"],\\n    \\\"abbreviation\\\": \\\"WA\\\"\\n    },\\n    {\\n    \\\"name\\\": customLocalizedStrings[\\\"CDC/West_Virginia/state_name\\\"],\\n    \\\"abbreviation\\\": \\\"WV\\\"\\n    },\\n    {\\n    \\\"name\\\": customLocalizedStrings[\\\"CDC/Wisconsin/state_name\\\"],\\n    \\\"abbreviation\\\": \\\"WI\\\"\\n    },\\n    {\\n    \\\"name\\\": customLocalizedStrings[\\\"CDC/Wyoming/state_name\\\"],\\n    \\\"abbreviation\\\": \\\"WY\\\"\\n    }\\n    ].map(item => ({title:item.name , value:item.abbreviation }))\"},{\"id\":\"d6d4667f4820-37efe92b505f7df8-caae\",\"type\":\"prompt\",\"dataType\":\"object\",\"designer\":{\"xLocation\":1120,\"yLocation\":740,\"next\":\"0076e55c75b7-326ee7a7a7ec97de-b150\"},\"text\":\"scenario.responses.state_question\",\"variable\":\"user_state\",\"layout\":\"vertical\",\"attachment\":[{\"type\":\"AdaptiveCard\",\"cardCode\":\"{\\n\\t\\\"$schema\\\": \\\"http://adaptivecards.io/schemas/adaptive-card.json\\\",\\n\\t\\\"type\\\": \\\"AdaptiveCard\\\",\\n\\t\\\"version\\\": \\\"1.0\\\",\\n\\t\\\"body\\\": [\\n\\n\\t\\t{\\n\\t\\t\\t\\\"type\\\": \\\"Input.ChoiceSet\\\",\\n\\t\\t\\t\\\"id\\\": \\\"state\\\",\\n\\t\\t\\t\\\"style\\\": \\\"compact\\\",\\n\\t\\t\\t\\\"value\\\": \\\"default_message\\\",\\n\\t\\t\\t\\\"choices\\\": scenario.state_list\\n\\t\\t}\\n\\t],\\n\\t\\\"actions\\\": [\\n\\t\\t{\\n\\t\\t\\t\\\"type\\\": \\\"Action.Submit\\\",\\n\\t\\t\\t\\\"title\\\": scenario.responses.submit_button,\\n\\t\\t}\\n\\t]\\n}\"}],\"stringId\":\"stringId_5ce9b2c7ae92966d\",\"label\":\"State\"},{\"id\":\"547535af8b11-35de85daaa9d55ec-3166\",\"type\":\"branch\",\"condition\":\"scenario.disclaimer.index == 0\",\"designer\":{\"xLocation\":1300,\"yLocation\":340,\"reverse\":true,\"next\":\"a3d9631652db-0c78a436dded6f01-405d\"},\"label\":\"Agree\",\"targetStepId\":\"28b059f3ab7a-bf9534bd71d8e651-cf89\"},{\"id\":\"abe9e2b59d19-aa0fab902cc370f6-554a\",\"type\":\"statement\",\"designer\":{\"xLocation\":1420,\"yLocation\":280,\"next\":\"aeda96cb0b14-f59815b00710192c-d26a\"},\"text\":\"scenario.messages.decline_msg\",\"label\":\"Decline\",\"stringId\":\"stringId_e54bcb0fdfce6cdb\"},{\"id\":\"0076e55c75b7-326ee7a7a7ec97de-b150\",\"type\":\"branch\",\"condition\":\"scenario.user_state.state !== \\\"default_message\\\"\",\"designer\":{\"xLocation\":1128,\"yLocation\":800,\"next\":\"aae32c29388d-acad6c62868e53c1-e306\"},\"label\":\"State\",\"targetStepId\":\"9a709c8f1446-46c51495aab2066a-53cc\"},{\"id\":\"aae32c29388d-acad6c62868e53c1-e306\",\"type\":\"statement\",\"designer\":{\"xLocation\":1040,\"yLocation\":780,\"next\":\"d6d4667f4820-37efe92b505f7df8-caae\"},\"text\":\"scenario.responses.location_error\",\"stringId\":\"stringId_85674537a1c59fb0\",\"label\":\"state\"},{\"id\":\"1215e0d59be3-881f2ad03faf2092-8a4b\",\"type\":\"branch\",\"condition\":\"scenario.country.index == 0\",\"designer\":{\"xLocation\":1200,\"yLocation\":560,\"next\":\"e2e155878950-e3f83a9c2827cf23-5a55\",\"reverse\":true},\"label\":\"US\",\"targetStepId\":\"59b4208a606e-223fffc90059907b-c78a\"},{\"id\":\"daa402dfcdd8-6b812f6dded0e57e-eba8\",\"type\":\"prompt\",\"dataType\":\"scenario.responses.location_response\",\"designer\":{\"xLocation\":1188,\"yLocation\":500,\"listStyle\":3,\"next\":\"1215e0d59be3-881f2ad03faf2092-8a4b\"},\"text\":\"scenario.responses.location_question\",\"variable\":\"country\",\"label\":\"US\",\"stringId\":\"stringId_95f1f408b81e5a0e\",\"choiceType\":\"choice\"},{\"id\":\"28b059f3ab7a-bf9534bd71d8e651-cf89\",\"type\":\"statement\",\"designer\":{\"xLocation\":1188,\"yLocation\":389,\"next\":\"2070b2ea9e67-52c772187e3e896b-89ff\"},\"text\":\"scenario.messages.intro_msg\",\"stringId\":\"stringId_4c093721a34f007e\",\"label\":\"INTRO\"},{\"id\":\"9a709c8f1446-46c51495aab2066a-53cc\",\"type\":\"action\",\"label\":\"STATE MSG\",\"designer\":{\"xLocation\":1200,\"yLocation\":860,\"next\":\"562a186329ff-e0527c852a84abc5-6740\"},\"onInit\":\"scenario.state_links = {\\n    AL: {\\n        link: customLocalizedStrings[\\\"CDC/Alabama/state_link\\\"],\\n        url: \\\"http://www.adph.org/\\\"\\n    },\\n    AK: {\\n        link: customLocalizedStrings[\\\"CDC/Alaska/state_link\\\"],\\n        url: \\\"http://dhss.alaska.gov/Pages/default.aspx\\\"\\n    },\\n    AZ: {\\n        link: customLocalizedStrings[\\\"CDC/Arizona/state_link\\\"],\\n        url: \\\"http://www.azdhs.gov/\\\"\\n    },\\n    AR: {\\n        link: customLocalizedStrings[\\\"CDC/Arkansas/state_link\\\"],\\n        url: \\\"http://www.healthy.arkansas.gov/Pages/default.aspx\\\"\\n    },\\n    CA: {\\n        link: customLocalizedStrings[\\\"CDC/California/state_link\\\"],\\n        url: \\\"https://www.cdph.ca.gov/\\\"\\n    },\\n    Chicago: {\\n        link: customLocalizedStrings[\\\"CDC/Illinois_–_Chicago/state_link\\\"],\\n        url: \\\"https://www.chicago.gov/city/en/sites/covid-19/home.html\\\"\\n    },\\n    CO: {\\n        link: customLocalizedStrings[\\\"CDC/Colorado/state_link\\\"],\\n        url: \\\"https://www.colorado.gov/cdphe\\\"\\n    },\\n    CT: {\\n        link: customLocalizedStrings[\\\"CDC/Connecticut/state_link\\\"],\\n        url: \\\"http://www.ct.gov/dph/site/default.asp\\\"\\n    },\\n    DE: {\\n        link: customLocalizedStrings[\\\"CDC/Delaware/state_link\\\"],\\n        url: \\\"http://www.dhss.delaware.gov/dhss/dph/index.html\\\"\\n    },\\n    DC: {\\n        link: customLocalizedStrings[\\\"CDC/District_Of_Columbia/state_link\\\"],\\n        url: \\\"http://doh.dc.gov/\\\"\\n    },\\n    FL: {\\n        link: customLocalizedStrings[\\\"CDC/Florida/state_link\\\"],\\n        url: \\\"http://www.floridahealth.gov/\\\"\\n    },\\n    GA: {\\n        link: customLocalizedStrings[\\\"CDC/Georgia/state_link\\\"],\\n        url: \\\"http://dph.georgia.gov/\\\"\\n    },\\n    HI: {\\n        link: customLocalizedStrings[\\\"CDC/Hawaii/state_link\\\"],\\n        url: \\\"https://health.hawaii.gov/docd/advisories/novel-coronavirus-2019/\\\"\\n    },\\n    ID: {\\n        link: customLocalizedStrings[\\\"CDC/Idaho/state_link\\\"],\\n        url: \\\"http://www.healthandwelfare.idaho.gov/\\\"\\n    },\\n    IL: {\\n        link: customLocalizedStrings[\\\"CDC/Illinois/state_link\\\"],\\n        url: \\\"http://www.idph.state.il.us/\\\"\\n    },\\n    IN: {\\n        link: customLocalizedStrings[\\\"CDC/Indiana/state_link\\\"],\\n        url: \\\"http://www.in.gov/isdh/\\\"\\n    },\\n    IA: {\\n        link: customLocalizedStrings[\\\"CDC/Iowa/state_link\\\"],\\n        url: \\\"http://idph.iowa.gov/\\\"\\n    },\\n    KS: {\\n        link: customLocalizedStrings[\\\"CDC/Kansas/state_link\\\"],\\n        url: \\\"http://www.kdheks.gov/\\\"\\n    },\\n    KY: {\\n        link: customLocalizedStrings[\\\"CDC/Kentucky/state_link\\\"],\\n        url: \\\"https://chfs.ky.gov/agencies/dph/Pages/default.aspx\\\"\\n    },\\n    \\\"Los_Angeles\\\": {\\n        link: customLocalizedStrings[\\\"CDC/California_-_Los_Angeles_County/state_link\\\"],\\n        url: \\\"http://publichealth.lacounty.gov/\\\"\\n    },\\n    LA: {\\n        link: customLocalizedStrings[\\\"CDC/Louisiana/state_link\\\"],\\n        url: \\\"http://dhh.louisiana.gov/\\\"\\n    },\\n    ME: {\\n        link: customLocalizedStrings[\\\"CDC/Maine/state_link\\\"],\\n        url: \\\"http://www.maine.gov/dhhs/index.shtml\\\"\\n    },\\n    MD: {\\n        link: customLocalizedStrings[\\\"CDC/Maryland/state_link\\\"],\\n        url: \\\"http://dhmh.maryland.gov/Pages/Index.aspx\\\"\\n    },\\n    MA: {\\n        link: customLocalizedStrings[\\\"CDC/Massachusetts/state_link\\\"],\\n        url: \\\"https://www.mass.gov/orgs/department-of-public-health\\\"\\n    },\\n    MI: {\\n        link: customLocalizedStrings[\\\"CDC/Michigan/state_link\\\"],\\n        url: \\\"http://www.michigan.gov/mdch\\\"\\n    },\\n    MN: {\\n        link: customLocalizedStrings[\\\"CDC/Minnesota/state_link\\\"],\\n        url: \\\"https://www.health.state.mn.us/diseases/coronavirus/basics.html\\\"\\n    },\\n    MS: {\\n        link: customLocalizedStrings[\\\"CDC/Mississippi/state_link\\\"],\\n        url: \\\"http://www.msdh.state.ms.us/\\\"\\n    },\\n    MO: {\\n        link: customLocalizedStrings[\\\"CDC/Missouri/state_link\\\"],\\n        url: \\\"http://health.mo.gov/index.php\\\"\\n    },\\n    MT: {\\n        link: customLocalizedStrings[\\\"CDC/Montana/state_link\\\"],\\n        url: \\\"http://dphhs.mt.gov/\\\"\\n    },\\n    NE: {\\n        link: customLocalizedStrings[\\\"CDC/Nebraska/state_link\\\"],\\n        url: \\\"http://dhhs.ne.gov/Pages/default.aspx\\\"\\n    },\\n    NV: {\\n        link: customLocalizedStrings[\\\"CDC/Nevada/state_link\\\"],\\n        url: \\\"http://dpbh.nv.gov/\\\"\\n    },\\n    NH: {\\n        link: customLocalizedStrings[\\\"CDC/New_Hampshire/state_link\\\"],\\n        url: \\\"http://www.dhhs.nh.gov/\\\"\\n    },\\n    NJ: {\\n        link: customLocalizedStrings[\\\"CDC/New_Jersey/state_link\\\"],\\n        url: \\\"http://www.state.nj.us/health/\\\"\\n    },\\n    NM: {\\n        link: customLocalizedStrings[\\\"CDC/New_Mexico/state_link\\\"],\\n        url: \\\"http://nmhealth.org/\\\"\\n    },\\n    \\\"New_York_City\\\": {\\n        link: customLocalizedStrings[\\\"CDC/New_York_–_New_York_City/state_link\\\"],\\n        url: \\\"http://www.nyc.gov/health\\\"\\n    },\\n    NY: {\\n        link: customLocalizedStrings[\\\"CDC/New_York/state_link\\\"],\\n        url: \\\"https://www.health.ny.gov/\\\"\\n    },\\n    NC: {\\n        link: customLocalizedStrings[\\\"CDC/North_Carolina/state_link\\\"],\\n        url: \\\"http://www.ncdhhs.gov/\\\"\\n    },\\n    ND: {\\n        link: customLocalizedStrings[\\\"CDC/North_Dakota/state_link\\\"],\\n        url: \\\"http://www.ndhealth.gov/\\\"\\n    },\\n    OH: {\\n        link: customLocalizedStrings[\\\"CDC/Ohio/state_link\\\"],\\n        url: \\\"https://www.odh.ohio.gov/\\\"\\n    },\\n    OK: {\\n        link: customLocalizedStrings[\\\"CDC/Oklahoma/state_link\\\"],\\n        url: \\\"https://www.ok.gov/health/\\\"\\n    },\\n    OR: {\\n        link: customLocalizedStrings[\\\"CDC/Oregon/state_link\\\"],\\n        url: \\\"http://www.oregon.gov/oha/ph/pages/index.aspx\\\"\\n    },\\n    PA: {\\n        link: customLocalizedStrings[\\\"CDC/Pennsylvania/state_link\\\"],\\n        url: \\\"https://www.health.pa.gov/Pages/default.aspx\\\"\\n    },\\n    RI: {\\n        link: customLocalizedStrings[\\\"CDC/Rhode_Island/state_link\\\"],\\n        url: \\\"http://www.health.state.ri.gov/\\\"\\n    },\\n    SC: {\\n        link: customLocalizedStrings[\\\"CDC/South_Carolina/state_link\\\"],\\n        url: \\\"http://www.scdhec.gov/\\\"\\n    },\\n    SD: {\\n        link: customLocalizedStrings[\\\"CDC/South_Dakota/state_link\\\"],\\n        url: \\\"http://doh.sd.gov/\\\"\\n    },\\n    TN: {\\n        link: customLocalizedStrings[\\\"CDC/Tennessee/state_link\\\"],\\n        url: \\\"https://www.tn.gov/health.html\\\"\\n    },\\n    TX: {\\n        link: customLocalizedStrings[\\\"CDC/Texas/state_link\\\"],\\n        url: \\\"https://www.dshs.state.tx.us/\\\"\\n    },\\n    UT: {\\n        link: customLocalizedStrings[\\\"CDC/Utah/state_link\\\"],\\n        url: \\\"https://health.utah.gov/\\\"\\n    },\\n    VT: {\\n        link: customLocalizedStrings[\\\"CDC/Vermont/state_link\\\"],\\n        url: \\\"http://healthvermont.gov/\\\"\\n    },\\n    VA: {\\n        link: customLocalizedStrings[\\\"CDC/Virginia/state_link\\\"],\\n        url: \\\"http://www.vdh.state.va.us/\\\"\\n    },\\n    WA: {\\n        link: customLocalizedStrings[\\\"CDC/Washington/state_link\\\"],\\n        url: \\\" https://www.providence.org/patients-and-visitors/coronavirus-advisory\\\",\\n        \\\"redirect_patients\\\": false\\n    },\\n    WV: {\\n        link: customLocalizedStrings[\\\"CDC/West_Virginia/state_link\\\"],\\n        url: \\\"http://www.dhhr.wv.gov/bph/Pages/default.aspx\\\"\\n    },\\n    WI: {\\n        link: customLocalizedStrings[\\\"CDC/Wisconsin/state_link\\\"],\\n        url: \\\"https://www.dhs.wisconsin.gov/\\\"\\n    },\\n    WY: {\\n        link: customLocalizedStrings[\\\"CDC/Wyoming/state_link\\\"],\\n        url: \\\"http://health.wyo.gov/\\\"\\n    },\\n    AS: {\\n        link: customLocalizedStrings[\\\"CDC/American_Samoa/state_link\\\"],\\n        url: \\\"http://dhss.as/\\\"\\n    },\\n    MP: {\\n        link: customLocalizedStrings[\\\"CDC/Northern_Mariana_Islands/state_link\\\"],\\n        url: \\\"http://chcc.gov.mp/\\\"\\n    },\\n    GU: {\\n        link: customLocalizedStrings[\\\"CDC/Guam/state_link\\\"],\\n        url: \\\"https://dphss.guam.gov/dph/\\\"\\n    },\\n    PR: {\\n        link: customLocalizedStrings[\\\"CDC/Puerto_Rico/state_link\\\"],\\n        url: \\\"http://www.salud.gov.pr/Pages/Home.aspx\\\"\\n    },\\n    VI: {\\n        link: customLocalizedStrings[\\\"CDC/Virgin_Islands/state_link\\\"],\\n        url: \\\"https://doh.vi.gov/\\\"\\n    },\\n    MH: {\\n        link: customLocalizedStrings[\\\"CDC/Marshall_Islands/state_link\\\"],\\n        url: null\\n    },\\n    FM: {\\n        link: customLocalizedStrings[\\\"CDC/Federated_States_Of_Micronesia/state_link\\\"],\\n        url: \\\"http://www.fsmgov.org/ngovt.html\\\"\\n    },\\n    PW: {\\n        link: customLocalizedStrings[\\\"CDC/Palau/state_link\\\"],\\n        url: \\\"http://www.palauhealth.org/\\\"\\n    }\\n}\\n\\n\\nif (scenario.state_links[scenario.user_state.state].url){\\n        \\n    let selected_link = scenario.state_links[scenario.user_state.state].link;\\n    let selected_url = scenario.state_links[scenario.user_state.state].url;\\n\\n    if (scenario.state_links[scenario.user_state.state].redirect_patients){\\n        scenario.redirect = true;\\n        scenario.state_msg = customLocalizedStrings[\\\"HB/state_message_part_a\\\"] + selected_url + customLocalizedStrings[\\\"HB/state_message_part_b\\\"];     \\n    } else {\\n        scenario.state_msg = customLocalizedStrings[\\\"HB/state_message_part_c\\\"] + selected_link + \\\"](\\\" + selected_url + \\\")\\\";\\n    }\\n\\n}\\n\"},{\"id\":\"2070b2ea9e67-52c772187e3e896b-89ff\",\"type\":\"statement\",\"designer\":{\"xLocation\":1188,\"yLocation\":440,\"next\":\"daa402dfcdd8-6b812f6dded0e57e-eba8\"},\"text\":\"scenario.messages.instruct_msg\",\"stringId\":\"stringId_938f4b8fa6f67387\",\"label\":\"INSTR\"},{\"id\":\"8f59dabfc635-32c4420b4bd13ca1-26d8\",\"type\":\"assignVariable\",\"designer\":{\"xLocation\":1288,\"yLocation\":300,\"next\":\"547535af8b11-35de85daaa9d55ec-3166\"},\"scope\":\"scenario\",\"operation\":\"incrementBy\",\"variable\":\"disclaimer_prompt_count\",\"value\":\"1\"},{\"id\":\"a3d9631652db-0c78a436dded6f01-405d\",\"type\":\"branch\",\"condition\":\"scenario.disclaimer_prompt_count > 2\",\"designer\":{\"xLocation\":1400,\"yLocation\":340,\"next\":\"abe9e2b59d19-aa0fab902cc370f6-554a\",\"reverse\":true},\"label\":\"CNT > 3\",\"targetStepId\":\"a2733ea9fc43-265380e96e48dd1e-bdbe\"},{\"id\":\"a2733ea9fc43-265380e96e48dd1e-bdbe\",\"type\":\"statement\",\"designer\":{\"xLocation\":1360,\"yLocation\":440,\"next\":\"d3b56a92e5a1-94686362fdbfe0a9-e9d2\"},\"text\":\"scenario.messages.msg12\",\"stringId\":\"stringId_f32a99d7a6ece081\",\"label\":\"MSG 12\",\"entity\":\"{\\n name: \\\"completion_event\\\",\\n message_id: 12   \\n}\"},{\"id\":\"562a186329ff-e0527c852a84abc5-6740\",\"type\":\"branch\",\"condition\":\"scenario.redirect\",\"designer\":{\"xLocation\":1208,\"yLocation\":940,\"next\":\"93ad58c18894-025483d0c6d03ee6-ddae\"},\"label\":\"redirect\",\"targetStepId\":\"050274dd2bc9-1a65eb375f32fa47-885a\"},{\"id\":\"050274dd2bc9-1a65eb375f32fa47-885a\",\"type\":\"statement\",\"designer\":{\"xLocation\":1248,\"yLocation\":1020,\"next\":\"d3b56a92e5a1-94686362fdbfe0a9-e9d2\"},\"text\":\"scenario.state_msg\",\"stringId\":\"stringId_2583edb2dd096161\",\"label\":\"MSG 13\",\"entity\":\"{\\n name: \\\"completion_event\\\",\\n message_id: 13 \\n}\"},{\"id\":\"5e8b611876b6-8545c4befb716da7-de50\",\"type\":\"beginScenario\",\"designer\":{\"xLocation\":1400,\"yLocation\":652,\"next\":\"d3b56a92e5a1-94686362fdbfe0a9-e9d2\"},\"scenario\":\"covid19_core\",\"args\":\"/* You can pass a custom message to append to the scenario outcome messages \\nor you can disable the outcome messages and display them within the wrapping scenario */\\n\\n{\\n    custom_outcome_message: scenario.state_msg,\\n    show_core_message: true\\n}\",\"variable\":\"covid19_core_result\"},{\"id\":\"6192619d88c6-027a73e79ade38a9-15b8\",\"type\":\"beginScenario\",\"designer\":{\"xLocation\":1060,\"yLocation\":1080,\"next\":\"d3b56a92e5a1-94686362fdbfe0a9-e9d2\"},\"scenario\":\"covid19_core\",\"args\":\"\\n{\\n    custom_outcome_message: scenario.state_msg,\\n    show_core_message: true\\n}\",\"variable\":\"covid19_core_result\"},{\"id\":\"e2e155878950-e3f83a9c2827cf23-5a55\",\"type\":\"branch\",\"condition\":\"conversation.locale === \\\"en-us\\\"\",\"designer\":{\"xLocation\":1360,\"yLocation\":592,\"next\":\"833f3daed04c-1b97f0a92e6776cd-7c4b\"},\"label\":\"English\",\"targetStepId\":\"5e8b611876b6-8545c4befb716da7-de50\"},{\"id\":\"833f3daed04c-1b97f0a92e6776cd-7c4b\",\"type\":\"beginScenario\",\"designer\":{\"xLocation\":1320,\"yLocation\":652,\"next\":\"d3b56a92e5a1-94686362fdbfe0a9-e9d2\"},\"scenario\":\"covid19_core_non_eng\",\"args\":\"/* You can pass a custom message to append to the scenario outcome messages \\nor you can disable the outcome messages and display them within the wrapping scenario */\\n\\n{\\n    custom_outcome_message: scenario.state_msg,\\n    show_core_message: true\\n}\",\"variable\":\"covid19_core_result\"},{\"id\":\"93ad58c18894-025483d0c6d03ee6-ddae\",\"type\":\"branch\",\"condition\":\"conversation.locale === \\\"en-us\\\"\",\"designer\":{\"xLocation\":1100,\"yLocation\":1000,\"next\":\"1a765a1bb3f2-449f06e0e0a2e704-fe83\",\"reverse\":true},\"label\":\"English\",\"targetStepId\":\"6192619d88c6-027a73e79ade38a9-15b8\"},{\"id\":\"1a765a1bb3f2-449f06e0e0a2e704-fe83\",\"type\":\"beginScenario\",\"designer\":{\"xLocation\":1150,\"yLocation\":1080,\"next\":\"d3b56a92e5a1-94686362fdbfe0a9-e9d2\"},\"scenario\":\"covid19_core_non_eng\",\"args\":\"/* You can pass a custom message to append to the scenario outcome messages \\nor you can disable the outcome messages and display them within the wrapping scenario */\\n\\n{\\n    custom_outcome_message: scenario.state_msg,\\n    show_core_message: true\\n}\",\"variable\":\"covid19_core_result\"},{\"id\":\"d3b56a92e5a1-94686362fdbfe0a9-e9d2\",\"type\":\"prompt\",\"dataType\":\"[systemLocalizedStrings[\\\"/builtin/feedback.triage_prompt_yes\\\"], systemLocalizedStrings[\\\"/builtin/feedback.triage_prompt_no\\\"]]\",\"designer\":{\"xLocation\":1580,\"yLocation\":1180,\"listStyle\":3,\"next\":\"26c481f1eee1-01ecddc442cf6549-1e64\"},\"text\":\"systemLocalizedStrings[\\\"/builtin/feedback.triage_prompt_question\\\"]\",\"variable\":\"show_feedback\",\"submitTitle\":\"Submit\",\"label\":\"Show feedback\",\"stringId\":\"stringId_1fd8f056fd6c7478\",\"choiceType\":\"choice\"},{\"id\":\"26c481f1eee1-01ecddc442cf6549-1e64\",\"type\":\"branch\",\"condition\":\"// Evaluate whether the user agreed to provide feedback\\r\\n\\r\\nscenario.show_feedback.index == 0\",\"designer\":{\"xLocation\":1600,\"yLocation\":1280},\"targetStepId\":\"eb2185b13423-fde915b70a7ba747-394a\"},{\"id\":\"eb2185b13423-fde915b70a7ba747-394a\",\"type\":\"beginScenario\",\"designer\":{\"xLocation\":1620,\"yLocation\":1400},\"scenario\":\"/builtin/feedback\"}],\"breaking\":false,\"interrupting\":false,\"returningMessage\":\"Let's resume the COVID-19 assessment\"}"
}