{
 "name": "COVID19 Back To Work",
 "id": "8a479da3-fc78-4cfd-909b-93a658884451",
 "scenario_trigger": "covid19_backToWork",
 "description": "Daily screening of internal employees to determine if they can go back to work",
 "active": true,
 "updated": "2021-07-05T09:58:37.4760000Z",
 "code": "{\"version\":3,\"steps\":[{\"id\":\"24661a355d92-d79c3af3c7482a21-7874\",\"type\":\"action\",\"label\":\"Init\",\"designer\":{\"xLocation\":100,\"yLocation\":0,\"next\":\"90d198d7988b-2b3b59a83dd7efac-1b2c\"},\"onInit\":\"scenario.symptomFreeDays = 3; // number of days with no symptoms\\nscenario.exposeDays = 14; // number of days from being exposed to COVID-19\\n\\n// support Teams integration, take team's user name\\nscenario.isTeams =session.message.address.channelId === \\\"msteams\\\";\\nscenario.uniqueId = \\\"\\\";\\nif(scenario.isTeams){\\n    scenario.userName = session.message[\\\"user\\\"].name;\\n}\\n\\nscenario.dateOfEntry = moment().format(\\\"M/D\\\").toUpperCase();  //('MM/DD');\"},{\"id\":\"1def427b651c-c73b119cb51b9d86-db21\",\"type\":\"prompt\",\"dataType\":\"[customLocalizedStrings[\\\"back_to_work_Yes\\\"], customLocalizedStrings[\\\"back_to_work_No\\\"]]\",\"designer\":{\"xLocation\":340,\"yLocation\":120,\"listStyle\":3,\"next\":\"efdc3d4708b4-ed4acf3ca4390246-5e27\"},\"text\":\"customLocalizedStrings[\\\"back_to_work_question_part1\\\"] + \\\" \\\" + scenario.exposeDays + \\\" \\\" + customLocalizedStrings[\\\"back_to_work_question_Covid19Expose_part2\\\"]\",\"variable\":\"exposed\",\"stringId\":\"stringId_cb295159735b20e8\",\"choiceType\":\"choice\",\"label\":\"Exposure\"},{\"id\":\"697bde908574-3d6aac3e0ec9c1b0-2351\",\"type\":\"branch\",\"condition\":\"scenario.exposed || scenario.underEvaluation || scenario.isSymptomatic\",\"designer\":{\"xLocation\":353,\"yLocation\":646,\"next\":\"25293a64525a-e19c05e09413bbfa-fda2\"},\"label\":\"Check\",\"targetStepId\":\"e896564a77ab-6751edae2281d20f-4651\"},{\"id\":\"25293a64525a-e19c05e09413bbfa-fda2\",\"type\":\"statement\",\"designer\":{\"xLocation\":260,\"yLocation\":760,\"next\":\"c925db9d64e7-8081845f3d89aa4d-2e88\"},\"layout\":\"vertical\",\"attachment\":[{\"type\":\"AdaptiveCard\",\"cardCode\":\"{\\r\\n    \\\"$schema\\\": \\\"http://adaptivecards.io/schemas/adaptive-card.json\\\",\\r\\n    \\\"type\\\": \\\"AdaptiveCard\\\",\\r\\n    \\\"version\\\": \\\"1.0\\\",\\r\\n    \\\"body\\\": [\\r\\n        {\\r\\n            \\\"type\\\": \\\"Container\\\",\\r\\n            \\\"bleed\\\": true,\\r\\n            \\\"items\\\": [\\r\\n                {\\r\\n                    \\\"type\\\": \\\"ColumnSet\\\",\\r\\n                    \\\"columns\\\": [\\r\\n                        {\\r\\n                            \\\"type\\\": \\\"Column\\\",\\r\\n                            \\\"width\\\": \\\"stretch\\\",\\r\\n                            \\\"items\\\": [\\r\\n                                {\\r\\n                                            \\\"type\\\": \\\"TextBlock\\\",\\r\\n                                            \\\"text\\\": \\\"Date: \\\" + scenario.dateOfEntry,\\r\\n                                            \\\"wrap\\\": true,\\r\\n                                            \\\"size\\\": \\\"ExtraLarge\\\",\\r\\n                                            \\\"weight\\\": \\\"Bolder\\\"\\r\\n                                },\\r\\n                                {\\r\\n                                            \\\"type\\\": \\\"TextBlock\\\",\\r\\n                                            \\\"text\\\": \\\"Name: \\\" + scenario.userName,\\r\\n                                            \\\"weight\\\": \\\"Bolder\\\",\\r\\n                                            \\\"size\\\": \\\"Medium\\\"\\r\\n                                },\\r\\n                                {\\r\\n                                    \\\"type\\\": \\\"TextBlock\\\",\\r\\n                                    \\\"text\\\": customLocalizedStrings[\\\"back_to_work_result_ok\\\"],\\r\\n                                    \\\"weight\\\": \\\"Bolder\\\",\\r\\n                                    \\\"size\\\": \\\"Medium\\\",\\r\\n                                    \\\"color\\\": \\\"good\\\"\\r\\n                                }\\r\\n                            ]\\r\\n                        }\\r\\n                    ]\\r\\n                },\\r\\n                {\\r\\n                    \\\"type\\\": \\\"TextBlock\\\",\\r\\n                    \\\"text\\\": customLocalizedStrings[\\\"back_to_work_result_okSafe\\\"],\\r\\n                    \\\"wrap\\\": true\\r\\n                }\\r\\n            ],\\r\\n            \\\"spacing\\\": \\\"Medium\\\"\\r\\n        }\\r\\n    ]\\r\\n}\"}],\"label\":\"OK\"},{\"id\":\"e896564a77ab-6751edae2281d20f-4651\",\"type\":\"statement\",\"designer\":{\"xLocation\":413,\"yLocation\":760,\"next\":\"c925db9d64e7-8081845f3d89aa4d-2e88\"},\"layout\":\"vertical\",\"attachment\":[{\"type\":\"AdaptiveCard\",\"cardCode\":\"{\\r\\n    \\\"$schema\\\": \\\"http://adaptivecards.io/schemas/adaptive-card.json\\\",\\r\\n    \\\"type\\\": \\\"AdaptiveCard\\\",\\r\\n    \\\"version\\\": \\\"1.0\\\",\\r\\n    \\\"body\\\": [\\r\\n        {\\r\\n            \\\"type\\\": \\\"Container\\\",\\r\\n            \\\"bleed\\\": true,\\r\\n            \\\"items\\\": [\\r\\n                {\\r\\n                    \\\"type\\\": \\\"ColumnSet\\\",\\r\\n                    \\\"columns\\\": [\\r\\n                        {\\r\\n                            \\\"type\\\": \\\"Column\\\",\\r\\n                            \\\"width\\\": \\\"stretch\\\",\\r\\n                            \\\"items\\\": [\\r\\n                                {\\r\\n                                            \\\"type\\\": \\\"TextBlock\\\",\\r\\n                                            \\\"text\\\": \\\"Date: \\\" + scenario.dateOfEntry,\\r\\n                                            \\\"wrap\\\": true,\\r\\n                                            \\\"size\\\": \\\"ExtraLarge\\\",\\r\\n                                            \\\"weight\\\": \\\"Bolder\\\"\\r\\n                                },\\r\\n                                {\\r\\n                                            \\\"type\\\": \\\"TextBlock\\\",\\r\\n                                            \\\"text\\\": \\\"Name: \\\" + scenario.userName,\\r\\n                                            \\\"weight\\\": \\\"Bolder\\\",\\r\\n                                            \\\"size\\\": \\\"Medium\\\"\\r\\n                                },\\r\\n                                {\\r\\n                                    \\\"type\\\": \\\"TextBlock\\\",\\r\\n                                    \\\"text\\\": customLocalizedStrings[\\\"back_to_work_result_notOk\\\"],\\r\\n                                    \\\"weight\\\": \\\"Bolder\\\",\\r\\n                                    \\\"size\\\": \\\"Medium\\\",\\r\\n                                    \\\"color\\\": \\\"Attention\\\"\\r\\n                                }\\r\\n                            ]\\r\\n                        }\\r\\n                    ]\\r\\n                },\\r\\n                {\\r\\n                    \\\"type\\\": \\\"TextBlock\\\",\\r\\n                    \\\"text\\\": customLocalizedStrings[\\\"back_to_work_result_notOkSymptom\\\"],\\r\\n                    \\\"wrap\\\": true\\r\\n                }\\r\\n            ],\\r\\n            \\\"spacing\\\": \\\"Medium\\\"\\r\\n        }\\r\\n    ]\\r\\n}\"}],\"label\":\"Not OK - Symptomatic + No test\"},{\"id\":\"efdc3d4708b4-ed4acf3ca4390246-5e27\",\"type\":\"action\",\"label\":\"Action\",\"designer\":{\"xLocation\":346,\"yLocation\":193,\"next\":\"297659865a04-f90be4f56f96ca90-dafd\"},\"onInit\":\"scenario.exposed = scenario.exposed.index === 0;\"},{\"id\":\"90d198d7988b-2b3b59a83dd7efac-1b2c\",\"type\":\"branch\",\"condition\":\"scenario.isTeams\",\"designer\":{\"xLocation\":106,\"yLocation\":86,\"next\":\"95ec01075344-c04e1d94551a0da3-d69e\"},\"targetStepId\":\"1def427b651c-c73b119cb51b9d86-db21\"},{\"id\":\"95ec01075344-c04e1d94551a0da3-d69e\",\"type\":\"prompt\",\"dataType\":\"object\",\"designer\":{\"xLocation\":68,\"yLocation\":190,\"next\":\"732920dd8a94-5a924b683f1b9fba-52e6\"},\"variable\":\"userInfoInput\",\"submitTitle\":\"Submit\",\"layout\":\"vertical\",\"attachment\":[{\"type\":\"AdaptiveCard\",\"cardCode\":\"{\\r\\n    \\\"$schema\\\": \\\"http://adaptivecards.io/schemas/adaptive-card.json\\\",\\r\\n    \\\"type\\\": \\\"AdaptiveCard\\\",\\r\\n    \\\"version\\\": \\\"1.0\\\",\\r\\n    \\\"body\\\": [\\r\\n        {\\r\\n            \\\"type\\\": \\\"TextBlock\\\",\\r\\n            \\\"text\\\": customLocalizedStrings[\\\"back_to_work_completeForm\\\"],\\r\\n            \\\"wrap\\\": true,\\r\\n            \\\"horizontalAlignment\\\": \\\"Left\\\",\\r\\n            \\\"size\\\": \\\"Medium\\\",\\r\\n            \\\"weight\\\": \\\"Bolder\\\"\\r\\n        },\\r\\n        {\\r\\n            \\\"type\\\": \\\"ColumnSet\\\",\\r\\n            \\\"columns\\\": [\\r\\n                {\\r\\n                    \\\"type\\\": \\\"Column\\\",\\r\\n                    \\\"width\\\": \\\"stretch\\\",\\r\\n                    \\\"items\\\": [\\r\\n                        {\\r\\n                            \\\"type\\\": \\\"TextBlock\\\",\\r\\n                            \\\"text\\\": customLocalizedStrings[\\\"back_to_work_input_FirstName\\\"]\\r\\n                        }\\r\\n                    ]\\r\\n                },\\r\\n                {\\r\\n                    \\\"type\\\": \\\"Column\\\",\\r\\n                    \\\"width\\\": \\\"stretch\\\",\\r\\n                    \\\"items\\\": [\\r\\n                        {\\r\\n                            \\\"type\\\": \\\"Input.Text\\\",\\r\\n                            \\\"value\\\": scenario.userName,\\r\\n                            \\\"placeholder\\\": customLocalizedStrings[\\\"back_to_work_input_FirstName\\\"],\\r\\n                            \\\"style\\\": \\\"text\\\",\\r\\n                            \\\"id\\\": \\\"firstName\\\"\\r\\n                        }\\r\\n                    ]\\r\\n                }\\r\\n            ]\\r\\n        },\\r\\n        {\\r\\n            \\\"type\\\": \\\"ColumnSet\\\",\\r\\n            \\\"columns\\\": [\\r\\n                {\\r\\n                    \\\"type\\\": \\\"Column\\\",\\r\\n                    \\\"width\\\": \\\"stretch\\\",\\r\\n                    \\\"items\\\": [\\r\\n                        {\\r\\n                            \\\"type\\\": \\\"TextBlock\\\",\\r\\n                            \\\"text\\\": customLocalizedStrings[\\\"back_to_work_input_LastName\\\"]\\r\\n                        }\\r\\n                    ]\\r\\n                },\\r\\n                {\\r\\n                    \\\"type\\\": \\\"Column\\\",\\r\\n                    \\\"width\\\": \\\"stretch\\\",\\r\\n                    \\\"items\\\": [\\r\\n                        {\\r\\n                            \\\"type\\\": \\\"Input.Text\\\",\\r\\n                            \\\"value\\\":  scenario.userEmail,\\r\\n                            \\\"style\\\": \\\"text\\\",\\r\\n                            \\\"placeholder\\\": customLocalizedStrings[\\\"back_to_work_input_LastName\\\"],\\r\\n                            \\\"id\\\": \\\"lastName\\\"\\r\\n                        }\\r\\n                    ]\\r\\n                }\\r\\n            ]\\r\\n        }\\r\\n    ],\\r\\n    \\\"actions\\\": [\\r\\n        {\\r\\n            \\\"type\\\": \\\"Action.Submit\\\",\\r\\n            \\\"title\\\": customLocalizedStrings[\\\"back_to_work_Submit\\\"]\\r\\n        }\\r\\n    ]\\r\\n}\"}],\"stringId\":\"stringId_8a63f60f92f116fb\",\"label\":\"User Name\"},{\"id\":\"732920dd8a94-5a924b683f1b9fba-52e6\",\"type\":\"branch\",\"condition\":\"(\\r\\n    scenario.userInfoInput.firstName != null && \\r\\n    scenario.userInfoInput.firstName != \\\"\\\" && \\r\\n    scenario.userInfoInput.firstName.trim().length != 0 &&\\r\\n    scenario.userInfoInput.lastName != null && \\r\\n    scenario.userInfoInput.lastName != \\\"\\\" && \\r\\n    scenario.userInfoInput.lastName.trim().length != 0\\r\\n)\",\"designer\":{\"xLocation\":80,\"yLocation\":260,\"next\":\"95ec01075344-c04e1d94551a0da3-d69e\"},\"targetStepId\":\"05cc05e63b6d-0b97ae17e43a1315-0260\"},{\"id\":\"05cc05e63b6d-0b97ae17e43a1315-0260\",\"type\":\"action\",\"label\":\"Action\",\"designer\":{\"xLocation\":192,\"yLocation\":188,\"next\":\"1def427b651c-c73b119cb51b9d86-db21\"},\"onInit\":\"scenario.userName = scenario.userInfoInput.firstName + \\\" \\\" + scenario.userInfoInput.lastName;\"},{\"id\":\"297659865a04-f90be4f56f96ca90-dafd\",\"type\":\"prompt\",\"dataType\":\"[customLocalizedStrings[\\\"back_to_work_Yes\\\"], customLocalizedStrings[\\\"back_to_work_No\\\"]]\",\"designer\":{\"xLocation\":346,\"yLocation\":294,\"listStyle\":3,\"next\":\"563341f6e9ea-30f69688db508fa5-9781\"},\"text\":\"customLocalizedStrings[\\\"back_to_work_question_underEvaluation\\\"]\",\"variable\":\"underEvaluation\",\"stringId\":\"stringId_cb295159735b20e8\",\"choiceType\":\"choice\",\"label\":\"Under Evaluation\"},{\"id\":\"563341f6e9ea-30f69688db508fa5-9781\",\"type\":\"action\",\"label\":\"Action\",\"designer\":{\"xLocation\":351,\"yLocation\":360,\"next\":\"c8354fc59f3c-ac098fa872f7fc5b-cc3f\"},\"onInit\":\"scenario.underEvaluation = scenario.underEvaluation.index === 0;\"},{\"id\":\"c8354fc59f3c-ac098fa872f7fc5b-cc3f\",\"type\":\"prompt\",\"dataType\":\"[customLocalizedStrings[\\\"back_to_work_Yes\\\"], customLocalizedStrings[\\\"back_to_work_No\\\"]]\",\"designer\":{\"xLocation\":346,\"yLocation\":460,\"listStyle\":3,\"next\":\"3cf8b1ab5a61-28ee29fbb85fd2ba-75fd\"},\"text\":\"customLocalizedStrings[\\\"back_to_work_question_part1\\\"] + \\\" \\\" + scenario.symptomFreeDays + \\\" \\\" + customLocalizedStrings[\\\"back_to_work_question_Symptoms_part2\\\"]\",\"variable\":\"isSymptomatic\",\"stringId\":\"stringId_cb295159735b20e8\",\"choiceType\":\"choice\",\"label\":\"Symptoms\"},{\"id\":\"3cf8b1ab5a61-28ee29fbb85fd2ba-75fd\",\"type\":\"action\",\"label\":\"Action\",\"designer\":{\"xLocation\":349,\"yLocation\":530,\"next\":\"697bde908574-3d6aac3e0ec9c1b0-2351\"},\"onInit\":\"scenario.isSymptomatic = scenario.isSymptomatic.index === 0;\"},{\"id\":\"7e76d99736c1-614d7aa53fd746bd-c4ae\",\"type\":\"prompt\",\"dataType\":\"[systemLocalizedStrings[\\\"/builtin/feedback.triage_prompt_yes\\\"], systemLocalizedStrings[\\\"/builtin/feedback.triage_prompt_no\\\"]]\",\"designer\":{\"xLocation\":620,\"yLocation\":540,\"listStyle\":3,\"next\":\"a1faeed3df58-fbdd579df01d83ee-8712\"},\"text\":\"systemLocalizedStrings[\\\"/builtin/feedback.triage_prompt_question\\\"]\",\"variable\":\"show_feedback\",\"submitTitle\":\"Submit\",\"stringId\":\"stringId_1fd8f056fd6c7478\",\"choiceType\":\"choice\",\"label\":\"Show Feedback\"},{\"id\":\"a1faeed3df58-fbdd579df01d83ee-8712\",\"type\":\"branch\",\"condition\":\"scenario.show_feedback.index == 0\",\"designer\":{\"xLocation\":629,\"yLocation\":640},\"targetStepId\":\"10ffd9f73c34-48262b7db6c1ce4d-1c62\"},{\"id\":\"10ffd9f73c34-48262b7db6c1ce4d-1c62\",\"type\":\"beginScenario\",\"designer\":{\"xLocation\":629,\"yLocation\":740},\"scenario\":\"/builtin/feedback\"},{\"id\":\"c925db9d64e7-8081845f3d89aa4d-2e88\",\"label\":\"Wait\",\"type\":\"wait\",\"designer\":{\"xLocation\":624,\"yLocation\":459,\"next\":\"7e76d99736c1-614d7aa53fd746bd-c4ae\"},\"time\":\"2000\"}],\"breaking\":false,\"interrupting\":false,\"returningMessage\":\"\"}"
}